stem,page,threshold,blocks,types
AAPL_10K_20250927,1,0.5,1,Text
AAPL_10K_20250927,1,0.4,3,"Text,Text,Text"
AAPL_10K_20250927,1,0.3,6,"Text,Text,Text,Text,Text,Title"
AAPL_10K_20250927,1,0.25,8,"Text,Text,Text,Text,Text,Text,Text,Title"
AAPL_10K_20250927,1,0.2,8,"Text,Text,Text,Text,Text,Text,Text,Title"
AAPL_10K_20250927,1,0.1,8,"Text,Text,Text,Text,Text,Text,Text,Title"
AAPL_10K_20250927,10,0.5,1,Text
AAPL_10K_20250927,10,0.4,3,"Text,Text,Text"
AAPL_10K_20250927,10,0.3,7,"Text,Text,Text,Text,Text,Text,Text"
AAPL_10K_20250927,10,0.25,7,"Text,Text,Text,Text,Text,Text,Text"
AAPL_10K_20250927,10,0.2,7,"Text,Text,Text,Text,Text,Text,Text"
AAPL_10K_20250927,10,0.1,7,"Text,Text,Text,Text,Text,Text,Text"
AAPL_10K_20250927,20,0.5,2,"Text,Title"
AAPL_10K_20250927,20,0.4,4,"Text,Text,Title,Title"
AAPL_10K_20250927,20,0.3,8,"Text,Text,Text,Title,Title,Title,Title,Title"
AAPL_10K_20250927,20,0.25,12,"Text,Text,Text,Text,Text,Text,Title,Title,Title,Title,Title,Title"
AAPL_10K_20250927,20,0.2,12,"Text,Text,Text,Text,Text,Text,Title,Title,Title,Title,Title,Title"
AAPL_10K_20250927,20,0.1,12,"Text,Text,Text,Text,Text,Text,Title,Title,Title,Title,Title,Title"
AAPL_10K_20250927,32,0.5,1,Table
AAPL_10K_20250927,32,0.4,3,"Table,Text,Title"
AAPL_10K_20250927,32,0.3,6,"Table,Text,Text,Text,Text,Title"
AAPL_10K_20250927,32,0.25,9,"Table,Text,Text,Text,Text,Text,Text,Text,Title"
AAPL_10K_20250927,32,0.2,9,"Table,Text,Text,Text,Text,Text,Text,Text,Title"
AAPL_10K_20250927,32,0.1,9,"Table,Text,Text,Text,Text,Text,Text,Text,Title"
AAPL_10K_20250927,34,0.5,1,Text
AAPL_10K_20250927,34,0.4,3,"Text,Text,Text"
AAPL_10K_20250927,34,0.3,4,"Text,Text,Text,Title"
AAPL_10K_20250927,34,0.25,4,"Text,Text,Text,Title"
AAPL_10K_20250927,34,0.2,4,"Text,Text,Text,Title"
AAPL_10K_20250927,34,0.1,4,"Text,Text,Text,Title"
AAPL_10K_20250927,50,0.5,5,"Table,Text,Text,Text,Text"
AAPL_10K_20250927,50,0.4,6,"Table,Text,Text,Text,Text,Text"
AAPL_10K_20250927,50,0.3,7,"Table,Text,Text,Text,Text,Text,Text"
AAPL_10K_20250927,50,0.25,9,"Table,Text,Text,Text,Text,Text,Text,Text,Title"
AAPL_10K_20250927,50,0.2,9,"Table,Text,Text,Text,Text,Text,Text,Text,Title"
AAPL_10K_20250927,50,0.1,9,"Table,Text,Text,Text,Text,Text,Text,Text,Title"
AAPL_10Q_20260627,2,0.5,0,
AAPL_10Q_20260627,2,0.4,0,
AAPL_10Q_20260627,2,0.3,1,Table
AAPL_10Q_20260627,2,0.25,1,Table
AAPL_10Q_20260627,2,0.2,1,Table
AAPL_10Q_20260627,2,0.1,1,Table
AAPL_10Q_20260627,4,0.5,1,Table
AAPL_10Q_20260627,4,0.4,1,Table
AAPL_10Q_20260627,4,0.3,1,Table
AAPL_10Q_20260627,4,0.25,3,"Table,Text,Title"
AAPL_10Q_20260627,4,0.2,3,"Table,Text,Title"
AAPL_10Q_20260627,4,0.1,3,"Table,Text,Title"
AAPL_10Q_20260627,15,0.5,1,Title
AAPL_10Q_20260627,15,0.4,4,"Table,Text,Title,Title"
AAPL_10Q_20260627,15,0.3,9,"Table,Text,Text,Text,Text,Text,Title,Title,Title"
AAPL_10Q_20260627,15,0.25,18,"Table,Text,Text,Text,Text,Text,Text,Text,Text,Text,Text,Text,Text,Text,Title,Title,Title,Title"
AAPL_10Q_20260627,15,0.2,18,"Table,Text,Text,Text,Text,Text,Text,Text,Text,Text,Text,Text,Text,Text,Title,Title,Title,Title"
AAPL_10Q_20260627,15,0.1,18,"Table,Text,Text,Text,Text,Text,Text,Text,Text,Text,Text,Text,Text,Text,Title,Title,Title,Title"
