,"(In millions, except number of","shares,","which are reflected in thousands, and",par value),,,
,,,,,,,
,,,,Septemb,"er 27,",Septemb,"er 28,"
,,,,202,5,202,4
,,,,,,,
,,,ASSETS:,,,,
,,,,,,,
ent assets:,,,,,,,
,,,,,,,
Cash and cas,h equivalents,,,$,"35,934",$,"29,943"
,,,,,,,
Marketable se,curities,,,,"18,763",,"35,228"
,,,,,,,
Accounts rece,"ivable, net",,,,"39,777",,"33,410"
,,,,,,,
Vendor non-tr,ade receivables,,,,"33,180",,"32,833"
,,,,,,,
Inventories,,,,,"5,718",,"7,286"
,,,,,,,
Other current,assets,,,,"14,585",,"14,287"
,,,,,,,
Total curr,ent assets,,,,"147,957",,"152,987"
,,,,,,,
-current assets,:,,,,,,
,,,,,,,
Marketable se,curities,,,,"77,723",,"91,479"
,,,,,,,
"Property, plan","t and equipment, net",,,,"49,834",,"45,680"
,,,,,,,
Other non-cur,rent assets,,,,"83,727",,"74,834"
,,,,,,,
Total non-,current assets,,,,"211,284",,"211,993"
,,,,,,,
Total,assets,,,$,"359,241",$,"364,980"
,,,,,,,
,LIABILITIE,S AND,SHAREHOLDERS’ EQUITY:,,,,
,,,,,,,
ent liabilities:,,,,,,,
,,,,,,,
Accounts paya,ble,,,$,"69,860",$,"68,960"
,,,,,,,
Other current l,iabilities,,,,"66,387",,"78,304"
,,,,,,,
Deferred reve,nue,,,,"9,055",,"8,249"
,,,,,,,
Commercial p,aper,,,,"7,979",,"9,967"
,,,,,,,
Term debt,,,,,"12,350",,"10,912"
,,,,,,,
Total curr,ent liabilities,,,,"165,631",,"176,392"
,,,,,,,
-current liabiliti,es:,,,,,,
,,,,,,,
Term debt,,,,,"78,328",,"85,750"
,,,,,,,
Other non-cur,rent liabilities,,,,"41,549",,"45,888"
,,,,,,,
Total non-,current liabilities,,,,"119,877",,"131,638"
,,,,,,,
Total,liabilities,,,,"285,508",,"308,030"
,,,,,,,
mitments and,contingencies,,,,,,
,,,,,,,
eholders’ equi,ty:,,,,,,
,,,,,,,
Common stoc,"k and additional paid-in capital, $0.00001 pa",r value:,"50,400,000 shares authorized;",,,,
"14,773,260","and 15,116,786 shares issued and outstand","ing, res",pectively,,"93,568",,"83,276"
,,,,,,,
Accumulated,deficit,,,,"(14,264)",,"(19,154"
,,,,,,,
Accumulated,other comprehensive loss,,,,"(5,571)",,"(7,172"
,,,,,,,
Total shar,eholders’ equity,,,,"73,733",,"56,950"
,,,,,,,
Total,liabilities and shareholders’ equity,,,$,"359,241",$,"364,980"
,,,,,,,
,See accompanying,Notes t,o Consolidated Financial Statements.,,,,
,,,,,,,
,A,pple Inc.,| 2025 Form 10-K | 31,,,,
