,,,Years ended,,
,"September 27,",,"September 28,",,"September 30,"
,2025,,2024,,2023
$,"307,003",$,"294,866",$,"298,085"
,"109,158",,"96,169",,"85,200"
,"416,161",,"391,035",,"383,285"
,"194,116",,"185,233",,"189,282"
,"26,844",,"25,119",,"24,855"
,"220,960",,"210,352",,"214,137"
,"195,201",,"180,683",,"169,148"
,"34,550",,"31,370",,"29,915"
,"27,601",,"26,097",,"24,932"
,"62,151",,"57,467",,"54,847"
,"133,050",,"123,216",,"114,301"
,(321),,269,,(565)
,"132,729",,"123,485",,"113,736"
,"20,719",,"29,749",,"16,741"
$,"112,010",$,"93,736",$,"96,995"
$,7.49,$,6.11,$,6.16
$,7.46,$,6.08,$,6.13
,"14,948,500",,"15,343,783",,"15,744,231"
,"15,004,697",,"15,408,095",,"15,812,547"
