Apple Inc.,,
,CONDENSED CONSOLIDATED BALANCE SHEETS (Unaudited),
,"(In millions, except number of shares, which are reﬂected in thousands, and par value)",
,"June 27,","September 27,"
,2026,2025
ASSETS:,,
Current assets:,,
Cash and cash equivalents,"$
39,544 
$","35,934"
Marketable securities,"22,855","18,763"
"Accounts receivable, net","31,398","39,777"
Vendor non-trade receivables,"27,509","33,180"
Inventories,"11,092","5,718"
Other current assets,"17,420","14,585"
Total current assets,"149,818","147,957"
Non-current assets:,,
Marketable securities,"84,118","77,723"
"Property, plant and equipment, net","51,431","49,834"
"Intangible assets, net","20,342","11,093"
Other non-current assets,"77,557","72,634"
Total non-current assets,"233,448","211,284"
Total assets,"$
383,266 
$","359,241"
,LIABILITIES AND SHAREHOLDERS’ EQUITY:,
Current liabilities:,,
Accounts payable,"$
64,525 
$","69,860"
Other current liabilities,"62,259","66,387"
Deferred revenue,"9,538","9,055"
Commercial paper,"1,997","7,979"
Term debt,"11,007","12,350"
Total current liabilities,"149,326","165,631"
Non-current liabilities:,,
Term debt,"71,340","78,328"
Other non-current liabilities,"55,080","41,549"
Total non-current liabilities,"126,420","119,877"
Total liabilities,"275,746","285,508"
