stem,page,method,cells,correct,label_found,value_anywhere,cell_accuracy
AAPL_10K_20250927,32,camelot-lattice,10,0,0,0,0.0
AAPL_10K_20250927,32,camelot-stream,10,10,10,10,1.0
AAPL_10K_20250927,32,camelot-network,10,0,0,10,0.0
AAPL_10K_20250927,32,camelot-hybrid,10,0,0,10,0.0
AAPL_10K_20250927,32,pdfplumber-text,10,10,10,10,1.0
AAPL_10K_20250927,34,camelot-lattice,10,0,0,0,0.0
AAPL_10K_20250927,34,camelot-stream,10,4,4,5,0.4
AAPL_10K_20250927,34,camelot-network,10,10,10,10,1.0
AAPL_10K_20250927,34,camelot-hybrid,10,10,10,10,1.0
AAPL_10K_20250927,34,pdfplumber-text,10,10,10,10,1.0
AAPL_10Q_20260627,4,camelot-lattice,10,0,0,0,0.0
AAPL_10Q_20260627,4,camelot-stream,10,10,10,10,1.0
AAPL_10Q_20260627,4,camelot-network,10,0,0,10,0.0
AAPL_10Q_20260627,4,camelot-hybrid,10,0,0,10,0.0
AAPL_10Q_20260627,4,pdfplumber-text,10,10,10,10,1.0
AAPL_10Q_20260627,6,camelot-lattice,10,0,0,0,0.0
AAPL_10Q_20260627,6,camelot-stream,10,5,5,6,0.5
AAPL_10Q_20260627,6,camelot-network,10,7,7,10,0.7
AAPL_10Q_20260627,6,camelot-hybrid,10,7,7,10,0.7
AAPL_10Q_20260627,6,pdfplumber-text,10,9,10,9,0.9
