stem,page,kind,method,status,n_tables,largest_shape,accuracy,whitespace,seconds,h_rulings,v_rulings,error
AAPL_10K_20250927,32,income,camelot-lattice,no_tables,0,,,,0.496,38,57,
AAPL_10K_20250927,32,income,camelot-stream,ok,1,27x7,99.64,47.09,0.056,38,57,
AAPL_10K_20250927,32,income,camelot-network,ok,1,22x6,100.0,42.42,0.044,38,57,
AAPL_10K_20250927,32,income,camelot-hybrid,ok,1,22x6,100.0,42.42,0.364,38,57,
AAPL_10K_20250927,32,income,pdfplumber-text,ok,1,61x9,,,0.121,38,57,
AAPL_10K_20250927,34,balance,camelot-lattice,no_tables,0,,,,0.361,30,54,
AAPL_10K_20250927,34,balance,camelot-stream,ok,1,17x5,98.35,44.71,0.033,30,54,
AAPL_10K_20250927,34,balance,camelot-network,ok,1,41x5,97.35,48.78,0.062,30,54,
AAPL_10K_20250927,34,balance,camelot-hybrid,ok,5,41x5,97.35,48.78,0.419,30,54,
AAPL_10K_20250927,34,balance,pdfplumber-text,ok,1,79x8,,,0.144,30,54,
AAPL_10Q_20260627,4,income,camelot-lattice,no_tables,0,,,,0.444,50,76,
AAPL_10Q_20260627,4,income,camelot-stream,ok,1,27x9,98.77,48.15,0.048,50,76,
AAPL_10Q_20260627,4,income,camelot-network,ok,1,22x8,98.45,42.05,0.054,50,76,
AAPL_10Q_20260627,4,income,camelot-hybrid,ok,1,22x8,98.45,42.05,0.416,50,76,
AAPL_10Q_20260627,4,income,pdfplumber-text,ok,1,61x10,,,0.157,50,76,
AAPL_10Q_20260627,6,balance,camelot-lattice,no_tables,0,,,,0.354,28,56,
AAPL_10Q_20260627,6,balance,camelot-stream,ok,1,18x5,98.84,44.44,0.039,28,56,
AAPL_10Q_20260627,6,balance,camelot-network,ok,2,34x3,96.26,19.61,0.066,28,56,
AAPL_10Q_20260627,6,balance,camelot-hybrid,ok,5,21x5,95.36,49.52,0.418,28,56,
AAPL_10Q_20260627,6,balance,pdfplumber-text,ok,1,81x9,,,0.145,28,56,
