path,stem,statement,page,pdf_label,period_label,xbrl_period,prefix,concept,dims,mapping,pdf_raw,pdf_value,xbrl_value,decimals,tolerance,status,cause
traditional,AAPL_10K_20250927,income,32,Net sales: Products,FY ended 2025-09-27,FY ended 2025-09-27,us-gaap,RevenueFromContractWithCustomerExcludingAssessedTax,srt:ProductOrServiceAxis=us-gaap:ProductMember,manual,"307,003",307003000000.0,307003000000.0,-6.0,500000.0,match,
traditional,AAPL_10K_20250927,income,32,Net sales: Products,FY ended 2024-09-28,FY ended 2024-09-28,us-gaap,RevenueFromContractWithCustomerExcludingAssessedTax,srt:ProductOrServiceAxis=us-gaap:ProductMember,manual,"294,866",294866000000.0,294866000000.0,-6.0,500000.0,match,
traditional,AAPL_10K_20250927,income,32,Net sales: Products,FY ended 2023-09-30,FY ended 2023-09-30,us-gaap,RevenueFromContractWithCustomerExcludingAssessedTax,srt:ProductOrServiceAxis=us-gaap:ProductMember,manual,"298,085",298085000000.0,298085000000.0,-6.0,500000.0,match,
traditional,AAPL_10K_20250927,income,32,Net sales: Services,FY ended 2025-09-27,FY ended 2025-09-27,us-gaap,RevenueFromContractWithCustomerExcludingAssessedTax,srt:ProductOrServiceAxis=us-gaap:ServiceMember,manual,"109,158",109158000000.0,109158000000.0,-6.0,500000.0,match,
traditional,AAPL_10K_20250927,income,32,Net sales: Services,FY ended 2024-09-28,FY ended 2024-09-28,us-gaap,RevenueFromContractWithCustomerExcludingAssessedTax,srt:ProductOrServiceAxis=us-gaap:ServiceMember,manual,"96,169",96169000000.0,96169000000.0,-6.0,500000.0,match,
traditional,AAPL_10K_20250927,income,32,Net sales: Services,FY ended 2023-09-30,FY ended 2023-09-30,us-gaap,RevenueFromContractWithCustomerExcludingAssessedTax,srt:ProductOrServiceAxis=us-gaap:ServiceMember,manual,"85,200",85200000000.0,85200000000.0,-6.0,500000.0,match,
traditional,AAPL_10K_20250927,income,32,Net sales: Total net sales,FY ended 2025-09-27,FY ended 2025-09-27,us-gaap,RevenueFromContractWithCustomerExcludingAssessedTax,,manual,"416,161",416161000000.0,416161000000.0,-6.0,500000.0,match,
traditional,AAPL_10K_20250927,income,32,Net sales: Total net sales,FY ended 2024-09-28,FY ended 2024-09-28,us-gaap,RevenueFromContractWithCustomerExcludingAssessedTax,,manual,"391,035",391035000000.0,391035000000.0,-6.0,500000.0,match,
traditional,AAPL_10K_20250927,income,32,Net sales: Total net sales,FY ended 2023-09-30,FY ended 2023-09-30,us-gaap,RevenueFromContractWithCustomerExcludingAssessedTax,,manual,"383,285",383285000000.0,383285000000.0,-6.0,500000.0,match,
traditional,AAPL_10K_20250927,income,32,Cost of sales: Products,FY ended 2025-09-27,FY ended 2025-09-27,us-gaap,CostOfGoodsAndServicesSold,srt:ProductOrServiceAxis=us-gaap:ProductMember,manual,"194,116",194116000000.0,194116000000.0,-6.0,500000.0,match,
traditional,AAPL_10K_20250927,income,32,Cost of sales: Products,FY ended 2024-09-28,FY ended 2024-09-28,us-gaap,CostOfGoodsAndServicesSold,srt:ProductOrServiceAxis=us-gaap:ProductMember,manual,"185,233",185233000000.0,185233000000.0,-6.0,500000.0,match,
traditional,AAPL_10K_20250927,income,32,Cost of sales: Products,FY ended 2023-09-30,FY ended 2023-09-30,us-gaap,CostOfGoodsAndServicesSold,srt:ProductOrServiceAxis=us-gaap:ProductMember,manual,"189,282",189282000000.0,189282000000.0,-6.0,500000.0,match,
traditional,AAPL_10K_20250927,income,32,Cost of sales: Services,FY ended 2025-09-27,FY ended 2025-09-27,us-gaap,CostOfGoodsAndServicesSold,srt:ProductOrServiceAxis=us-gaap:ServiceMember,manual,"26,844",26844000000.0,26844000000.0,-6.0,500000.0,match,
traditional,AAPL_10K_20250927,income,32,Cost of sales: Services,FY ended 2024-09-28,FY ended 2024-09-28,us-gaap,CostOfGoodsAndServicesSold,srt:ProductOrServiceAxis=us-gaap:ServiceMember,manual,"25,119",25119000000.0,25119000000.0,-6.0,500000.0,match,
traditional,AAPL_10K_20250927,income,32,Cost of sales: Services,FY ended 2023-09-30,FY ended 2023-09-30,us-gaap,CostOfGoodsAndServicesSold,srt:ProductOrServiceAxis=us-gaap:ServiceMember,manual,"24,855",24855000000.0,24855000000.0,-6.0,500000.0,match,
traditional,AAPL_10K_20250927,income,32,Cost of sales: Total cost of sales,FY ended 2025-09-27,FY ended 2025-09-27,us-gaap,CostOfGoodsAndServicesSold,,manual,"220,960",220960000000.0,220960000000.0,-6.0,500000.0,match,
traditional,AAPL_10K_20250927,income,32,Cost of sales: Total cost of sales,FY ended 2024-09-28,FY ended 2024-09-28,us-gaap,CostOfGoodsAndServicesSold,,manual,"210,352",210352000000.0,210352000000.0,-6.0,500000.0,match,
traditional,AAPL_10K_20250927,income,32,Cost of sales: Total cost of sales,FY ended 2023-09-30,FY ended 2023-09-30,us-gaap,CostOfGoodsAndServicesSold,,manual,"214,137",214137000000.0,214137000000.0,-6.0,500000.0,match,
traditional,AAPL_10K_20250927,income,32,Gross margin,FY ended 2025-09-27,FY ended 2025-09-27,us-gaap,GrossProfit,,manual,"195,201",195201000000.0,195201000000.0,-6.0,500000.0,match,
traditional,AAPL_10K_20250927,income,32,Gross margin,FY ended 2024-09-28,FY ended 2024-09-28,us-gaap,GrossProfit,,manual,"180,683",180683000000.0,180683000000.0,-6.0,500000.0,match,
traditional,AAPL_10K_20250927,income,32,Gross margin,FY ended 2023-09-30,FY ended 2023-09-30,us-gaap,GrossProfit,,manual,"169,148",169148000000.0,169148000000.0,-6.0,500000.0,match,
traditional,AAPL_10K_20250927,income,32,Operating expenses: Research and development,FY ended 2025-09-27,FY ended 2025-09-27,us-gaap,ResearchAndDevelopmentExpense,,manual,"34,550",34550000000.0,34550000000.0,-6.0,500000.0,match,
traditional,AAPL_10K_20250927,income,32,Operating expenses: Research and development,FY ended 2024-09-28,FY ended 2024-09-28,us-gaap,ResearchAndDevelopmentExpense,,manual,"31,370",31370000000.0,31370000000.0,-6.0,500000.0,match,
traditional,AAPL_10K_20250927,income,32,Operating expenses: Research and development,FY ended 2023-09-30,FY ended 2023-09-30,us-gaap,ResearchAndDevelopmentExpense,,manual,"29,915",29915000000.0,29915000000.0,-6.0,500000.0,match,
traditional,AAPL_10K_20250927,income,32,"Operating expenses: Selling, general and administrative",FY ended 2025-09-27,FY ended 2025-09-27,us-gaap,SellingGeneralAndAdministrativeExpense,,manual,"27,601",27601000000.0,27601000000.0,-6.0,500000.0,match,
traditional,AAPL_10K_20250927,income,32,"Operating expenses: Selling, general and administrative",FY ended 2024-09-28,FY ended 2024-09-28,us-gaap,SellingGeneralAndAdministrativeExpense,,manual,"26,097",26097000000.0,26097000000.0,-6.0,500000.0,match,
traditional,AAPL_10K_20250927,income,32,"Operating expenses: Selling, general and administrative",FY ended 2023-09-30,FY ended 2023-09-30,us-gaap,SellingGeneralAndAdministrativeExpense,,manual,"24,932",24932000000.0,24932000000.0,-6.0,500000.0,match,
traditional,AAPL_10K_20250927,income,32,Operating expenses: Total operating expenses,FY ended 2025-09-27,FY ended 2025-09-27,us-gaap,OperatingExpenses,,manual,"62,151",62151000000.0,62151000000.0,-6.0,500000.0,match,
traditional,AAPL_10K_20250927,income,32,Operating expenses: Total operating expenses,FY ended 2024-09-28,FY ended 2024-09-28,us-gaap,OperatingExpenses,,manual,"57,467",57467000000.0,57467000000.0,-6.0,500000.0,match,
traditional,AAPL_10K_20250927,income,32,Operating expenses: Total operating expenses,FY ended 2023-09-30,FY ended 2023-09-30,us-gaap,OperatingExpenses,,manual,"54,847",54847000000.0,54847000000.0,-6.0,500000.0,match,
traditional,AAPL_10K_20250927,income,32,Operating income,FY ended 2025-09-27,FY ended 2025-09-27,us-gaap,OperatingIncomeLoss,,manual,"133,050",133050000000.0,133050000000.0,-6.0,500000.0,match,
traditional,AAPL_10K_20250927,income,32,Operating income,FY ended 2024-09-28,FY ended 2024-09-28,us-gaap,OperatingIncomeLoss,,manual,"123,216",123216000000.0,123216000000.0,-6.0,500000.0,match,
traditional,AAPL_10K_20250927,income,32,Operating income,FY ended 2023-09-30,FY ended 2023-09-30,us-gaap,OperatingIncomeLoss,,manual,"114,301",114301000000.0,114301000000.0,-6.0,500000.0,match,
traditional,AAPL_10K_20250927,income,32,"Other income/(expense), net",FY ended 2025-09-27,FY ended 2025-09-27,us-gaap,NonoperatingIncomeExpense,,manual,(321),-321000000.0,-321000000.0,-6.0,500000.0,match,
traditional,AAPL_10K_20250927,income,32,"Other income/(expense), net",FY ended 2024-09-28,FY ended 2024-09-28,us-gaap,NonoperatingIncomeExpense,,manual,269,269000000.0,269000000.0,-6.0,500000.0,match,
traditional,AAPL_10K_20250927,income,32,"Other income/(expense), net",FY ended 2023-09-30,FY ended 2023-09-30,us-gaap,NonoperatingIncomeExpense,,manual,(565),-565000000.0,-565000000.0,-6.0,500000.0,match,
traditional,AAPL_10K_20250927,income,32,Income before provision for income taxes,FY ended 2025-09-27,FY ended 2025-09-27,us-gaap,IncomeLossFromContinuingOperationsBeforeIncomeTaxesExtraordinaryItemsNoncontrollingInterest,,manual,"132,729",132729000000.0,132729000000.0,-6.0,500000.0,match,
traditional,AAPL_10K_20250927,income,32,Income before provision for income taxes,FY ended 2024-09-28,FY ended 2024-09-28,us-gaap,IncomeLossFromContinuingOperationsBeforeIncomeTaxesExtraordinaryItemsNoncontrollingInterest,,manual,"123,485",123485000000.0,123485000000.0,-6.0,500000.0,match,
traditional,AAPL_10K_20250927,income,32,Income before provision for income taxes,FY ended 2023-09-30,FY ended 2023-09-30,us-gaap,IncomeLossFromContinuingOperationsBeforeIncomeTaxesExtraordinaryItemsNoncontrollingInterest,,manual,"113,736",113736000000.0,113736000000.0,-6.0,500000.0,match,
traditional,AAPL_10K_20250927,income,32,Provision for income taxes,FY ended 2025-09-27,FY ended 2025-09-27,us-gaap,IncomeTaxExpenseBenefit,,manual,"20,719",20719000000.0,20719000000.0,-6.0,500000.0,match,
traditional,AAPL_10K_20250927,income,32,Provision for income taxes,FY ended 2024-09-28,FY ended 2024-09-28,us-gaap,IncomeTaxExpenseBenefit,,manual,"29,749",29749000000.0,29749000000.0,-6.0,500000.0,match,
traditional,AAPL_10K_20250927,income,32,Provision for income taxes,FY ended 2023-09-30,FY ended 2023-09-30,us-gaap,IncomeTaxExpenseBenefit,,manual,"16,741",16741000000.0,16741000000.0,-6.0,500000.0,match,
traditional,AAPL_10K_20250927,income,32,Net income,FY ended 2025-09-27,FY ended 2025-09-27,us-gaap,NetIncomeLoss,,manual,"112,010",112010000000.0,112010000000.0,-6.0,500000.0,match,
traditional,AAPL_10K_20250927,income,32,Net income,FY ended 2024-09-28,FY ended 2024-09-28,us-gaap,NetIncomeLoss,,manual,"93,736",93736000000.0,93736000000.0,-6.0,500000.0,match,
traditional,AAPL_10K_20250927,income,32,Net income,FY ended 2023-09-30,FY ended 2023-09-30,us-gaap,NetIncomeLoss,,manual,"96,995",96995000000.0,96995000000.0,-6.0,500000.0,match,
traditional,AAPL_10K_20250927,income,32,Earnings per share: Basic,FY ended 2025-09-27,FY ended 2025-09-27,us-gaap,EarningsPerShareBasic,,manual,7.49,7.49,7.49,2.0,0.005,match,
traditional,AAPL_10K_20250927,income,32,Earnings per share: Basic,FY ended 2024-09-28,FY ended 2024-09-28,us-gaap,EarningsPerShareBasic,,manual,6.11,6.11,6.11,2.0,0.005,match,
traditional,AAPL_10K_20250927,income,32,Earnings per share: Basic,FY ended 2023-09-30,FY ended 2023-09-30,us-gaap,EarningsPerShareBasic,,manual,6.16,6.16,6.16,2.0,0.005,match,
traditional,AAPL_10K_20250927,income,32,Earnings per share: Diluted,FY ended 2025-09-27,FY ended 2025-09-27,us-gaap,EarningsPerShareDiluted,,manual,7.46,7.46,7.46,2.0,0.005,match,
traditional,AAPL_10K_20250927,income,32,Earnings per share: Diluted,FY ended 2024-09-28,FY ended 2024-09-28,us-gaap,EarningsPerShareDiluted,,manual,6.08,6.08,6.08,2.0,0.005,match,
traditional,AAPL_10K_20250927,income,32,Earnings per share: Diluted,FY ended 2023-09-30,FY ended 2023-09-30,us-gaap,EarningsPerShareDiluted,,manual,6.13,6.13,6.13,2.0,0.005,match,
traditional,AAPL_10K_20250927,income,32,Shares used in computing earnings per share: Basic,FY ended 2025-09-27,FY ended 2025-09-27,us-gaap,WeightedAverageNumberOfSharesOutstandingBasic,,manual,"14,948,500",14948500000.0,14948500000.0,-3.0,500.0,match,
traditional,AAPL_10K_20250927,income,32,Shares used in computing earnings per share: Basic,FY ended 2024-09-28,FY ended 2024-09-28,us-gaap,WeightedAverageNumberOfSharesOutstandingBasic,,manual,"15,343,783",15343783000.0,15343783000.0,-3.0,500.0,match,
traditional,AAPL_10K_20250927,income,32,Shares used in computing earnings per share: Basic,FY ended 2023-09-30,FY ended 2023-09-30,us-gaap,WeightedAverageNumberOfSharesOutstandingBasic,,manual,"15,744,231",15744231000.0,15744231000.0,-3.0,500.0,match,
traditional,AAPL_10K_20250927,income,32,Shares used in computing earnings per share: Diluted,FY ended 2025-09-27,FY ended 2025-09-27,us-gaap,WeightedAverageNumberOfDilutedSharesOutstanding,,manual,"15,004,697",15004697000.0,15004697000.0,-3.0,500.0,match,
traditional,AAPL_10K_20250927,income,32,Shares used in computing earnings per share: Diluted,FY ended 2024-09-28,FY ended 2024-09-28,us-gaap,WeightedAverageNumberOfDilutedSharesOutstanding,,manual,"15,408,095",15408095000.0,15408095000.0,-3.0,500.0,match,
traditional,AAPL_10K_20250927,income,32,Shares used in computing earnings per share: Diluted,FY ended 2023-09-30,FY ended 2023-09-30,us-gaap,WeightedAverageNumberOfDilutedSharesOutstanding,,manual,"15,812,547",15812547000.0,15812547000.0,-3.0,500.0,match,
traditional,AAPL_10K_20250927,balance,34,Current assets: Cash and cash equivalents,2025-09-27,2025-09-27,us-gaap,CashAndCashEquivalentsAtCarryingValue,,manual,"35,934",35934000000.0,35934000000.0,-6.0,500000.0,match,
traditional,AAPL_10K_20250927,balance,34,Current assets: Cash and cash equivalents,2024-09-28,2024-09-28,us-gaap,CashAndCashEquivalentsAtCarryingValue,,manual,"29,943",29943000000.0,29943000000.0,-6.0,500000.0,match,
traditional,AAPL_10K_20250927,balance,34,Current assets: Marketable securities,2025-09-27,2025-09-27,us-gaap,MarketableSecuritiesCurrent,,manual,"18,763",18763000000.0,18763000000.0,-6.0,500000.0,match,
traditional,AAPL_10K_20250927,balance,34,Current assets: Marketable securities,2024-09-28,2024-09-28,us-gaap,MarketableSecuritiesCurrent,,manual,"35,228",35228000000.0,35228000000.0,-6.0,500000.0,match,
traditional,AAPL_10K_20250927,balance,34,"Current assets: Accounts receivable, net",2025-09-27,2025-09-27,us-gaap,AccountsReceivableNetCurrent,,manual,"39,777",39777000000.0,39777000000.0,-6.0,500000.0,match,
traditional,AAPL_10K_20250927,balance,34,"Current assets: Accounts receivable, net",2024-09-28,2024-09-28,us-gaap,AccountsReceivableNetCurrent,,manual,"33,410",33410000000.0,33410000000.0,-6.0,500000.0,match,
traditional,AAPL_10K_20250927,balance,34,Current assets: Vendor non-trade receivables,2025-09-27,2025-09-27,us-gaap,NontradeReceivablesCurrent,,manual,"33,180",33180000000.0,33180000000.0,-6.0,500000.0,match,
traditional,AAPL_10K_20250927,balance,34,Current assets: Vendor non-trade receivables,2024-09-28,2024-09-28,us-gaap,NontradeReceivablesCurrent,,manual,"32,833",32833000000.0,32833000000.0,-6.0,500000.0,match,
traditional,AAPL_10K_20250927,balance,34,Current assets: Inventories,2025-09-27,2025-09-27,us-gaap,InventoryNet,,manual,"5,718",5718000000.0,5718000000.0,-6.0,500000.0,match,
traditional,AAPL_10K_20250927,balance,34,Current assets: Inventories,2024-09-28,2024-09-28,us-gaap,InventoryNet,,manual,"7,286",7286000000.0,7286000000.0,-6.0,500000.0,match,
traditional,AAPL_10K_20250927,balance,34,Current assets: Other current assets,2025-09-27,2025-09-27,us-gaap,OtherAssetsCurrent,,manual,"14,585",14585000000.0,14585000000.0,-6.0,500000.0,match,
traditional,AAPL_10K_20250927,balance,34,Current assets: Other current assets,2024-09-28,2024-09-28,us-gaap,OtherAssetsCurrent,,manual,"14,287",14287000000.0,14287000000.0,-6.0,500000.0,match,
traditional,AAPL_10K_20250927,balance,34,Current assets: Total current assets,2025-09-27,2025-09-27,us-gaap,AssetsCurrent,,manual,"147,957",147957000000.0,147957000000.0,-6.0,500000.0,match,
traditional,AAPL_10K_20250927,balance,34,Current assets: Total current assets,2024-09-28,2024-09-28,us-gaap,AssetsCurrent,,manual,"152,987",152987000000.0,152987000000.0,-6.0,500000.0,match,
traditional,AAPL_10K_20250927,balance,34,Non-current assets: Marketable securities,2025-09-27,2025-09-27,us-gaap,MarketableSecuritiesNoncurrent,,manual,"77,723",77723000000.0,77723000000.0,-6.0,500000.0,match,
traditional,AAPL_10K_20250927,balance,34,Non-current assets: Marketable securities,2024-09-28,2024-09-28,us-gaap,MarketableSecuritiesNoncurrent,,manual,"91,479",91479000000.0,91479000000.0,-6.0,500000.0,match,
traditional,AAPL_10K_20250927,balance,34,"Non-current assets: Property, plant and equipment, net",2025-09-27,2025-09-27,us-gaap,PropertyPlantAndEquipmentNet,,manual,"49,834",49834000000.0,49834000000.0,-6.0,500000.0,match,
traditional,AAPL_10K_20250927,balance,34,"Non-current assets: Property, plant and equipment, net",2024-09-28,2024-09-28,us-gaap,PropertyPlantAndEquipmentNet,,manual,"45,680",45680000000.0,45680000000.0,-6.0,500000.0,match,
traditional,AAPL_10K_20250927,balance,34,Non-current assets: Other non-current assets,2025-09-27,2025-09-27,us-gaap,OtherAssetsNoncurrent,,manual,"83,727",83727000000.0,83727000000.0,-6.0,500000.0,match,
traditional,AAPL_10K_20250927,balance,34,Non-current assets: Other non-current assets,2024-09-28,2024-09-28,us-gaap,OtherAssetsNoncurrent,,manual,"74,834",74834000000.0,74834000000.0,-6.0,500000.0,match,
traditional,AAPL_10K_20250927,balance,34,Non-current assets: Total non-current assets,2025-09-27,2025-09-27,us-gaap,AssetsNoncurrent,,manual,"211,284",211284000000.0,211284000000.0,-6.0,500000.0,match,
traditional,AAPL_10K_20250927,balance,34,Non-current assets: Total non-current assets,2024-09-28,2024-09-28,us-gaap,AssetsNoncurrent,,manual,"211,993",211993000000.0,211993000000.0,-6.0,500000.0,match,
traditional,AAPL_10K_20250927,balance,34,Total assets,2025-09-27,2025-09-27,us-gaap,Assets,,manual,"359,241",359241000000.0,359241000000.0,-6.0,500000.0,match,
traditional,AAPL_10K_20250927,balance,34,Total assets,2024-09-28,2024-09-28,us-gaap,Assets,,manual,"364,980",364980000000.0,364980000000.0,-6.0,500000.0,match,
traditional,AAPL_10K_20250927,balance,34,Current liabilities: Accounts payable,2025-09-27,2025-09-27,us-gaap,AccountsPayableCurrent,,manual,"69,860",69860000000.0,69860000000.0,-6.0,500000.0,match,
traditional,AAPL_10K_20250927,balance,34,Current liabilities: Accounts payable,2024-09-28,2024-09-28,us-gaap,AccountsPayableCurrent,,manual,"68,960",68960000000.0,68960000000.0,-6.0,500000.0,match,
traditional,AAPL_10K_20250927,balance,34,Current liabilities: Other current liabilities,2025-09-27,2025-09-27,us-gaap,OtherLiabilitiesCurrent,,manual,"66,387",66387000000.0,66387000000.0,-6.0,500000.0,match,
traditional,AAPL_10K_20250927,balance,34,Current liabilities: Other current liabilities,2024-09-28,2024-09-28,us-gaap,OtherLiabilitiesCurrent,,manual,"78,304",78304000000.0,78304000000.0,-6.0,500000.0,match,
traditional,AAPL_10K_20250927,balance,34,Current liabilities: Deferred revenue,2025-09-27,2025-09-27,us-gaap,ContractWithCustomerLiabilityCurrent,,manual,"9,055",9055000000.0,9055000000.0,-6.0,500000.0,match,
traditional,AAPL_10K_20250927,balance,34,Current liabilities: Deferred revenue,2024-09-28,2024-09-28,us-gaap,ContractWithCustomerLiabilityCurrent,,manual,"8,249",8249000000.0,8249000000.0,-6.0,500000.0,match,
traditional,AAPL_10K_20250927,balance,34,Current liabilities: Commercial paper,2025-09-27,2025-09-27,us-gaap,CommercialPaper,,manual,"7,979",7979000000.0,7979000000.0,-6.0,500000.0,match,
traditional,AAPL_10K_20250927,balance,34,Current liabilities: Commercial paper,2024-09-28,2024-09-28,us-gaap,CommercialPaper,,manual,"9,967",9967000000.0,9967000000.0,-6.0,500000.0,match,
traditional,AAPL_10K_20250927,balance,34,Current liabilities: Term debt,2025-09-27,2025-09-27,us-gaap,LongTermDebtCurrent,,manual,"12,350",12350000000.0,12350000000.0,-6.0,500000.0,match,
traditional,AAPL_10K_20250927,balance,34,Current liabilities: Term debt,2024-09-28,2024-09-28,us-gaap,LongTermDebtCurrent,,manual,"10,912",10912000000.0,10912000000.0,-6.0,500000.0,match,
traditional,AAPL_10K_20250927,balance,34,Current liabilities: Total current liabilities,2025-09-27,2025-09-27,us-gaap,LiabilitiesCurrent,,manual,"165,631",165631000000.0,165631000000.0,-6.0,500000.0,match,
traditional,AAPL_10K_20250927,balance,34,Current liabilities: Total current liabilities,2024-09-28,2024-09-28,us-gaap,LiabilitiesCurrent,,manual,"176,392",176392000000.0,176392000000.0,-6.0,500000.0,match,
traditional,AAPL_10K_20250927,balance,34,Non-current liabilities: Term debt,2025-09-27,2025-09-27,us-gaap,LongTermDebtNoncurrent,,manual,"78,328",78328000000.0,78328000000.0,-6.0,500000.0,match,
traditional,AAPL_10K_20250927,balance,34,Non-current liabilities: Term debt,2024-09-28,2024-09-28,us-gaap,LongTermDebtNoncurrent,,manual,"85,750",85750000000.0,85750000000.0,-6.0,500000.0,match,
traditional,AAPL_10K_20250927,balance,34,Non-current liabilities: Other non-current liabilities,2025-09-27,2025-09-27,us-gaap,OtherLiabilitiesNoncurrent,,manual,"41,549",41549000000.0,41549000000.0,-6.0,500000.0,match,
traditional,AAPL_10K_20250927,balance,34,Non-current liabilities: Other non-current liabilities,2024-09-28,2024-09-28,us-gaap,OtherLiabilitiesNoncurrent,,manual,"45,888",45888000000.0,45888000000.0,-6.0,500000.0,match,
traditional,AAPL_10K_20250927,balance,34,Non-current liabilities: Total non-current liabilities,2025-09-27,2025-09-27,us-gaap,LiabilitiesNoncurrent,,manual,"119,877",119877000000.0,119877000000.0,-6.0,500000.0,match,
traditional,AAPL_10K_20250927,balance,34,Non-current liabilities: Total non-current liabilities,2024-09-28,2024-09-28,us-gaap,LiabilitiesNoncurrent,,manual,"131,638",131638000000.0,131638000000.0,-6.0,500000.0,match,
traditional,AAPL_10K_20250927,balance,34,Total liabilities,2025-09-27,2025-09-27,us-gaap,Liabilities,,manual,"285,508",285508000000.0,285508000000.0,-6.0,500000.0,match,
traditional,AAPL_10K_20250927,balance,34,Total liabilities,2024-09-28,2024-09-28,us-gaap,Liabilities,,manual,"308,030",308030000000.0,308030000000.0,-6.0,500000.0,match,
traditional,AAPL_10K_20250927,balance,34,"Shareholders’ equity: Common stock and additional paid-in capital, $0.00001 par value: 50,400,000 shares authorized; 14,773,260 and 15,116,786 shares issued and outstanding, respectively",2025-09-27,2025-09-27,us-gaap,CommonStocksIncludingAdditionalPaidInCapital,,manual,"93,568",93568000000.0,93568000000.0,-6.0,500000.0,match,
traditional,AAPL_10K_20250927,balance,34,"Shareholders’ equity: Common stock and additional paid-in capital, $0.00001 par value: 50,400,000 shares authorized; 14,773,260 and 15,116,786 shares issued and outstanding, respectively",2024-09-28,2024-09-28,us-gaap,CommonStocksIncludingAdditionalPaidInCapital,,manual,"83,276",83276000000.0,83276000000.0,-6.0,500000.0,match,
traditional,AAPL_10K_20250927,balance,34,Shareholders’ equity: Accumulated deficit,2025-09-27,2025-09-27,us-gaap,RetainedEarningsAccumulatedDeficit,,manual,"(14,264)",-14264000000.0,-14264000000.0,-6.0,500000.0,match,
traditional,AAPL_10K_20250927,balance,34,Shareholders’ equity: Accumulated deficit,2024-09-28,2024-09-28,us-gaap,RetainedEarningsAccumulatedDeficit,,manual,"(19,154)",-19154000000.0,-19154000000.0,-6.0,500000.0,match,
traditional,AAPL_10K_20250927,balance,34,Shareholders’ equity: Accumulated other comprehensive loss,2025-09-27,2025-09-27,us-gaap,AccumulatedOtherComprehensiveIncomeLossNetOfTax,,manual,"(5,571)",-5571000000.0,-5571000000.0,-6.0,500000.0,match,
traditional,AAPL_10K_20250927,balance,34,Shareholders’ equity: Accumulated other comprehensive loss,2024-09-28,2024-09-28,us-gaap,AccumulatedOtherComprehensiveIncomeLossNetOfTax,,manual,"(7,172)",-7172000000.0,-7172000000.0,-6.0,500000.0,match,
traditional,AAPL_10K_20250927,balance,34,Shareholders’ equity: Total shareholders’ equity,2025-09-27,2025-09-27,us-gaap,StockholdersEquity,,manual,"73,733",73733000000.0,73733000000.0,-6.0,500000.0,match,
traditional,AAPL_10K_20250927,balance,34,Shareholders’ equity: Total shareholders’ equity,2024-09-28,2024-09-28,us-gaap,StockholdersEquity,,manual,"56,950",56950000000.0,56950000000.0,-6.0,500000.0,match,
traditional,AAPL_10K_20250927,balance,34,Total liabilities and shareholders’ equity,2025-09-27,2025-09-27,us-gaap,LiabilitiesAndStockholdersEquity,,manual,"359,241",359241000000.0,359241000000.0,-6.0,500000.0,match,
traditional,AAPL_10K_20250927,balance,34,Total liabilities and shareholders’ equity,2024-09-28,2024-09-28,us-gaap,LiabilitiesAndStockholdersEquity,,manual,"364,980",364980000000.0,364980000000.0,-6.0,500000.0,match,
traditional,AAPL_10K_20250927,cash_flow,36,"Cash, cash equivalents, and restricted cash and cash equivalents, beginning balances",FY ended 2025-09-27,2024-09-28,us-gaap,CashCashEquivalentsRestrictedCashAndRestrictedCashEquivalents,,manual,"29,943",29943000000.0,29943000000.0,-6.0,500000.0,match,
traditional,AAPL_10K_20250927,cash_flow,36,"Cash, cash equivalents, and restricted cash and cash equivalents, beginning balances",FY ended 2024-09-28,2023-09-30,us-gaap,CashCashEquivalentsRestrictedCashAndRestrictedCashEquivalents,,manual,"30,737",30737000000.0,30737000000.0,-6.0,500000.0,match,
traditional,AAPL_10K_20250927,cash_flow,36,"Cash, cash equivalents, and restricted cash and cash equivalents, beginning balances",FY ended 2023-09-30,2022-09-24,us-gaap,CashCashEquivalentsRestrictedCashAndRestrictedCashEquivalents,,manual,"24,977",24977000000.0,24977000000.0,-6.0,500000.0,match,
traditional,AAPL_10K_20250927,cash_flow,36,Operating activities: Net income,FY ended 2025-09-27,FY ended 2025-09-27,us-gaap,NetIncomeLoss,,manual,"112,010",112010000000.0,112010000000.0,-6.0,500000.0,match,
traditional,AAPL_10K_20250927,cash_flow,36,Operating activities: Net income,FY ended 2024-09-28,FY ended 2024-09-28,us-gaap,NetIncomeLoss,,manual,"93,736",93736000000.0,93736000000.0,-6.0,500000.0,match,
traditional,AAPL_10K_20250927,cash_flow,36,Operating activities: Net income,FY ended 2023-09-30,FY ended 2023-09-30,us-gaap,NetIncomeLoss,,manual,"96,995",96995000000.0,96995000000.0,-6.0,500000.0,match,
traditional,AAPL_10K_20250927,cash_flow,36,Adjustments to reconcile net income to cash generated by operating activities: Depreciation and amortization,FY ended 2025-09-27,FY ended 2025-09-27,us-gaap,DepreciationDepletionAndAmortization,,manual,"11,698",11698000000.0,11698000000.0,-6.0,500000.0,match,
traditional,AAPL_10K_20250927,cash_flow,36,Adjustments to reconcile net income to cash generated by operating activities: Depreciation and amortization,FY ended 2024-09-28,FY ended 2024-09-28,us-gaap,DepreciationDepletionAndAmortization,,manual,"11,445",11445000000.0,11445000000.0,-6.0,500000.0,match,
traditional,AAPL_10K_20250927,cash_flow,36,Adjustments to reconcile net income to cash generated by operating activities: Depreciation and amortization,FY ended 2023-09-30,FY ended 2023-09-30,us-gaap,DepreciationDepletionAndAmortization,,manual,"11,519",11519000000.0,11519000000.0,-6.0,500000.0,match,
traditional,AAPL_10K_20250927,cash_flow,36,Adjustments to reconcile net income to cash generated by operating activities: Share-based compensation expense,FY ended 2025-09-27,FY ended 2025-09-27,us-gaap,ShareBasedCompensation,,manual,"12,863",12863000000.0,12863000000.0,-6.0,500000.0,match,
traditional,AAPL_10K_20250927,cash_flow,36,Adjustments to reconcile net income to cash generated by operating activities: Share-based compensation expense,FY ended 2024-09-28,FY ended 2024-09-28,us-gaap,ShareBasedCompensation,,manual,"11,688",11688000000.0,11688000000.0,-6.0,500000.0,match,
traditional,AAPL_10K_20250927,cash_flow,36,Adjustments to reconcile net income to cash generated by operating activities: Share-based compensation expense,FY ended 2023-09-30,FY ended 2023-09-30,us-gaap,ShareBasedCompensation,,manual,"10,833",10833000000.0,10833000000.0,-6.0,500000.0,match,
traditional,AAPL_10K_20250927,cash_flow,36,Adjustments to reconcile net income to cash generated by operating activities: Other,FY ended 2025-09-27,FY ended 2025-09-27,us-gaap,OtherNoncashIncomeExpense,,manual,(89),-89000000.0,89000000.0,-6.0,500000.0,sign,presentation: negated label in _pre.xml
traditional,AAPL_10K_20250927,cash_flow,36,Adjustments to reconcile net income to cash generated by operating activities: Other,FY ended 2024-09-28,FY ended 2024-09-28,us-gaap,OtherNoncashIncomeExpense,,manual,"(2,266)",-2266000000.0,2266000000.0,-6.0,500000.0,sign,presentation: negated label in _pre.xml
traditional,AAPL_10K_20250927,cash_flow,36,Adjustments to reconcile net income to cash generated by operating activities: Other,FY ended 2023-09-30,FY ended 2023-09-30,us-gaap,OtherNoncashIncomeExpense,,manual,"(2,227)",-2227000000.0,2227000000.0,-6.0,500000.0,sign,presentation: negated label in _pre.xml
traditional,AAPL_10K_20250927,cash_flow,36,"Changes in operating assets and liabilities: Accounts receivable, net",FY ended 2025-09-27,FY ended 2025-09-27,us-gaap,IncreaseDecreaseInAccountsReceivable,,label,"(6,682)",-6682000000.0,6682000000.0,-6.0,500000.0,sign,presentation: negated label in _pre.xml
traditional,AAPL_10K_20250927,cash_flow,36,"Changes in operating assets and liabilities: Accounts receivable, net",FY ended 2024-09-28,FY ended 2024-09-28,us-gaap,IncreaseDecreaseInAccountsReceivable,,label,"(3,788)",-3788000000.0,3788000000.0,-6.0,500000.0,sign,presentation: negated label in _pre.xml
traditional,AAPL_10K_20250927,cash_flow,36,"Changes in operating assets and liabilities: Accounts receivable, net",FY ended 2023-09-30,FY ended 2023-09-30,us-gaap,IncreaseDecreaseInAccountsReceivable,,label,"(1,688)",-1688000000.0,1688000000.0,-6.0,500000.0,sign,presentation: negated label in _pre.xml
traditional,AAPL_10K_20250927,cash_flow,36,Changes in operating assets and liabilities: Vendor non-trade receivables,FY ended 2025-09-27,FY ended 2025-09-27,us-gaap,IncreaseDecreaseInOtherReceivables,,label,(347),-347000000.0,347000000.0,-6.0,500000.0,sign,presentation: negated label in _pre.xml
traditional,AAPL_10K_20250927,cash_flow,36,Changes in operating assets and liabilities: Vendor non-trade receivables,FY ended 2024-09-28,FY ended 2024-09-28,us-gaap,IncreaseDecreaseInOtherReceivables,,label,"(1,356)",-1356000000.0,1356000000.0,-6.0,500000.0,sign,presentation: negated label in _pre.xml
traditional,AAPL_10K_20250927,cash_flow,36,Changes in operating assets and liabilities: Vendor non-trade receivables,FY ended 2023-09-30,FY ended 2023-09-30,us-gaap,IncreaseDecreaseInOtherReceivables,,label,"1,271",1271000000.0,-1271000000.0,-6.0,500000.0,sign,presentation: negated label in _pre.xml
traditional,AAPL_10K_20250927,cash_flow,36,Changes in operating assets and liabilities: Inventories,FY ended 2025-09-27,FY ended 2025-09-27,us-gaap,IncreaseDecreaseInInventories,,label,"1,400",1400000000.0,-1400000000.0,-6.0,500000.0,sign,presentation: negated label in _pre.xml
traditional,AAPL_10K_20250927,cash_flow,36,Changes in operating assets and liabilities: Inventories,FY ended 2024-09-28,FY ended 2024-09-28,us-gaap,IncreaseDecreaseInInventories,,label,"(1,046)",-1046000000.0,1046000000.0,-6.0,500000.0,sign,presentation: negated label in _pre.xml
traditional,AAPL_10K_20250927,cash_flow,36,Changes in operating assets and liabilities: Inventories,FY ended 2023-09-30,FY ended 2023-09-30,us-gaap,IncreaseDecreaseInInventories,,label,"(1,618)",-1618000000.0,1618000000.0,-6.0,500000.0,sign,presentation: negated label in _pre.xml
traditional,AAPL_10K_20250927,cash_flow,36,Changes in operating assets and liabilities: Other current and non-current assets,FY ended 2025-09-27,FY ended 2025-09-27,us-gaap,IncreaseDecreaseInOtherOperatingAssets,,label,"(9,197)",-9197000000.0,9197000000.0,-6.0,500000.0,sign,presentation: negated label in _pre.xml
traditional,AAPL_10K_20250927,cash_flow,36,Changes in operating assets and liabilities: Other current and non-current assets,FY ended 2024-09-28,FY ended 2024-09-28,us-gaap,IncreaseDecreaseInOtherOperatingAssets,,label,"(11,731)",-11731000000.0,11731000000.0,-6.0,500000.0,sign,presentation: negated label in _pre.xml
traditional,AAPL_10K_20250927,cash_flow,36,Changes in operating assets and liabilities: Other current and non-current assets,FY ended 2023-09-30,FY ended 2023-09-30,us-gaap,IncreaseDecreaseInOtherOperatingAssets,,label,"(5,684)",-5684000000.0,5684000000.0,-6.0,500000.0,sign,presentation: negated label in _pre.xml
traditional,AAPL_10K_20250927,cash_flow,36,Changes in operating assets and liabilities: Accounts payable,FY ended 2025-09-27,FY ended 2025-09-27,us-gaap,IncreaseDecreaseInAccountsPayable,,label,902,902000000.0,902000000.0,-6.0,500000.0,match,
traditional,AAPL_10K_20250927,cash_flow,36,Changes in operating assets and liabilities: Accounts payable,FY ended 2024-09-28,FY ended 2024-09-28,us-gaap,IncreaseDecreaseInAccountsPayable,,label,"6,020",6020000000.0,6020000000.0,-6.0,500000.0,match,
traditional,AAPL_10K_20250927,cash_flow,36,Changes in operating assets and liabilities: Accounts payable,FY ended 2023-09-30,FY ended 2023-09-30,us-gaap,IncreaseDecreaseInAccountsPayable,,label,"(1,889)",-1889000000.0,-1889000000.0,-6.0,500000.0,match,
traditional,AAPL_10K_20250927,cash_flow,36,Changes in operating assets and liabilities: Other current and non-current liabilities,FY ended 2025-09-27,FY ended 2025-09-27,us-gaap,IncreaseDecreaseInOtherOperatingLiabilities,,label,"(11,076)",-11076000000.0,-11076000000.0,-6.0,500000.0,match,
traditional,AAPL_10K_20250927,cash_flow,36,Changes in operating assets and liabilities: Other current and non-current liabilities,FY ended 2024-09-28,FY ended 2024-09-28,us-gaap,IncreaseDecreaseInOtherOperatingLiabilities,,label,"15,552",15552000000.0,15552000000.0,-6.0,500000.0,match,
traditional,AAPL_10K_20250927,cash_flow,36,Changes in operating assets and liabilities: Other current and non-current liabilities,FY ended 2023-09-30,FY ended 2023-09-30,us-gaap,IncreaseDecreaseInOtherOperatingLiabilities,,label,"3,031",3031000000.0,3031000000.0,-6.0,500000.0,match,
traditional,AAPL_10K_20250927,cash_flow,36,Changes in operating assets and liabilities: Cash generated by operating activities,FY ended 2025-09-27,FY ended 2025-09-27,us-gaap,NetCashProvidedByUsedInOperatingActivities,,manual,"111,482",111482000000.0,111482000000.0,-6.0,500000.0,match,
traditional,AAPL_10K_20250927,cash_flow,36,Changes in operating assets and liabilities: Cash generated by operating activities,FY ended 2024-09-28,FY ended 2024-09-28,us-gaap,NetCashProvidedByUsedInOperatingActivities,,manual,"118,254",118254000000.0,118254000000.0,-6.0,500000.0,match,
traditional,AAPL_10K_20250927,cash_flow,36,Changes in operating assets and liabilities: Cash generated by operating activities,FY ended 2023-09-30,FY ended 2023-09-30,us-gaap,NetCashProvidedByUsedInOperatingActivities,,manual,"110,543",110543000000.0,110543000000.0,-6.0,500000.0,match,
traditional,AAPL_10K_20250927,cash_flow,36,Investing activities: Purchases of marketable securities,FY ended 2025-09-27,FY ended 2025-09-27,us-gaap,PaymentsToAcquireAvailableForSaleSecuritiesDebt,,label,"(24,407)",-24407000000.0,24407000000.0,-6.0,500000.0,sign,presentation: negated label in _pre.xml
traditional,AAPL_10K_20250927,cash_flow,36,Investing activities: Purchases of marketable securities,FY ended 2024-09-28,FY ended 2024-09-28,us-gaap,PaymentsToAcquireAvailableForSaleSecuritiesDebt,,label,"(48,656)",-48656000000.0,48656000000.0,-6.0,500000.0,sign,presentation: negated label in _pre.xml
traditional,AAPL_10K_20250927,cash_flow,36,Investing activities: Purchases of marketable securities,FY ended 2023-09-30,FY ended 2023-09-30,us-gaap,PaymentsToAcquireAvailableForSaleSecuritiesDebt,,label,"(29,513)",-29513000000.0,29513000000.0,-6.0,500000.0,sign,presentation: negated label in _pre.xml
traditional,AAPL_10K_20250927,cash_flow,36,Investing activities: Proceeds from maturities of marketable securities,FY ended 2025-09-27,FY ended 2025-09-27,us-gaap,ProceedsFromMaturitiesPrepaymentsAndCallsOfAvailableForSaleSecurities,,label,"40,907",40907000000.0,40907000000.0,-6.0,500000.0,match,
traditional,AAPL_10K_20250927,cash_flow,36,Investing activities: Proceeds from maturities of marketable securities,FY ended 2024-09-28,FY ended 2024-09-28,us-gaap,ProceedsFromMaturitiesPrepaymentsAndCallsOfAvailableForSaleSecurities,,label,"51,211",51211000000.0,51211000000.0,-6.0,500000.0,match,
traditional,AAPL_10K_20250927,cash_flow,36,Investing activities: Proceeds from maturities of marketable securities,FY ended 2023-09-30,FY ended 2023-09-30,us-gaap,ProceedsFromMaturitiesPrepaymentsAndCallsOfAvailableForSaleSecurities,,label,"39,686",39686000000.0,39686000000.0,-6.0,500000.0,match,
traditional,AAPL_10K_20250927,cash_flow,36,Investing activities: Proceeds from sales of marketable securities,FY ended 2025-09-27,FY ended 2025-09-27,us-gaap,ProceedsFromSaleOfAvailableForSaleSecuritiesDebt,,label,"12,890",12890000000.0,12890000000.0,-6.0,500000.0,match,
traditional,AAPL_10K_20250927,cash_flow,36,Investing activities: Proceeds from sales of marketable securities,FY ended 2024-09-28,FY ended 2024-09-28,us-gaap,ProceedsFromSaleOfAvailableForSaleSecuritiesDebt,,label,"11,135",11135000000.0,11135000000.0,-6.0,500000.0,match,
traditional,AAPL_10K_20250927,cash_flow,36,Investing activities: Proceeds from sales of marketable securities,FY ended 2023-09-30,FY ended 2023-09-30,us-gaap,ProceedsFromSaleOfAvailableForSaleSecuritiesDebt,,label,"5,828",5828000000.0,5828000000.0,-6.0,500000.0,match,
traditional,AAPL_10K_20250927,cash_flow,36,"Investing activities: Payments for acquisition of property, plant and equipment",FY ended 2025-09-27,FY ended 2025-09-27,us-gaap,PaymentsToAcquirePropertyPlantAndEquipment,,manual,"(12,715)",-12715000000.0,12715000000.0,-6.0,500000.0,sign,presentation: negated label in _pre.xml
traditional,AAPL_10K_20250927,cash_flow,36,"Investing activities: Payments for acquisition of property, plant and equipment",FY ended 2024-09-28,FY ended 2024-09-28,us-gaap,PaymentsToAcquirePropertyPlantAndEquipment,,manual,"(9,447)",-9447000000.0,9447000000.0,-6.0,500000.0,sign,presentation: negated label in _pre.xml
traditional,AAPL_10K_20250927,cash_flow,36,"Investing activities: Payments for acquisition of property, plant and equipment",FY ended 2023-09-30,FY ended 2023-09-30,us-gaap,PaymentsToAcquirePropertyPlantAndEquipment,,manual,"(10,959)",-10959000000.0,10959000000.0,-6.0,500000.0,sign,presentation: negated label in _pre.xml
traditional,AAPL_10K_20250927,cash_flow,36,Investing activities: Other,FY ended 2025-09-27,FY ended 2025-09-27,us-gaap,PaymentsForProceedsFromOtherInvestingActivities,,manual,"(1,480)",-1480000000.0,1480000000.0,-6.0,500000.0,sign,presentation: negated label in _pre.xml
traditional,AAPL_10K_20250927,cash_flow,36,Investing activities: Other,FY ended 2024-09-28,FY ended 2024-09-28,us-gaap,PaymentsForProceedsFromOtherInvestingActivities,,manual,"(1,308)",-1308000000.0,1308000000.0,-6.0,500000.0,sign,presentation: negated label in _pre.xml
traditional,AAPL_10K_20250927,cash_flow,36,Investing activities: Other,FY ended 2023-09-30,FY ended 2023-09-30,us-gaap,PaymentsForProceedsFromOtherInvestingActivities,,manual,"(1,337)",-1337000000.0,1337000000.0,-6.0,500000.0,sign,presentation: negated label in _pre.xml
traditional,AAPL_10K_20250927,cash_flow,36,Investing activities: Cash generated by investing activities,FY ended 2025-09-27,FY ended 2025-09-27,us-gaap,NetCashProvidedByUsedInInvestingActivities,,label,"15,195",15195000000.0,15195000000.0,-6.0,500000.0,match,
traditional,AAPL_10K_20250927,cash_flow,36,Investing activities: Cash generated by investing activities,FY ended 2024-09-28,FY ended 2024-09-28,us-gaap,NetCashProvidedByUsedInInvestingActivities,,label,"2,935",2935000000.0,2935000000.0,-6.0,500000.0,match,
traditional,AAPL_10K_20250927,cash_flow,36,Investing activities: Cash generated by investing activities,FY ended 2023-09-30,FY ended 2023-09-30,us-gaap,NetCashProvidedByUsedInInvestingActivities,,label,"3,705",3705000000.0,3705000000.0,-6.0,500000.0,match,
traditional,AAPL_10K_20250927,cash_flow,36,Financing activities: Payments for taxes related to net share settlement of equity awards,FY ended 2025-09-27,FY ended 2025-09-27,us-gaap,PaymentsRelatedToTaxWithholdingForShareBasedCompensation,,label,"(5,960)",-5960000000.0,5960000000.0,-6.0,500000.0,sign,presentation: negated label in _pre.xml
traditional,AAPL_10K_20250927,cash_flow,36,Financing activities: Payments for taxes related to net share settlement of equity awards,FY ended 2024-09-28,FY ended 2024-09-28,us-gaap,PaymentsRelatedToTaxWithholdingForShareBasedCompensation,,label,"(5,441)",-5441000000.0,5441000000.0,-6.0,500000.0,sign,presentation: negated label in _pre.xml
traditional,AAPL_10K_20250927,cash_flow,36,Financing activities: Payments for taxes related to net share settlement of equity awards,FY ended 2023-09-30,FY ended 2023-09-30,us-gaap,PaymentsRelatedToTaxWithholdingForShareBasedCompensation,,label,"(5,431)",-5431000000.0,5431000000.0,-6.0,500000.0,sign,presentation: negated label in _pre.xml
traditional,AAPL_10K_20250927,cash_flow,36,Financing activities: Payments for dividends and dividend equivalents,FY ended 2025-09-27,FY ended 2025-09-27,us-gaap,PaymentsOfDividends,,manual,"(15,421)",-15421000000.0,15421000000.0,-6.0,500000.0,sign,presentation: negated label in _pre.xml
traditional,AAPL_10K_20250927,cash_flow,36,Financing activities: Payments for dividends and dividend equivalents,FY ended 2024-09-28,FY ended 2024-09-28,us-gaap,PaymentsOfDividends,,manual,"(15,234)",-15234000000.0,15234000000.0,-6.0,500000.0,sign,presentation: negated label in _pre.xml
traditional,AAPL_10K_20250927,cash_flow,36,Financing activities: Payments for dividends and dividend equivalents,FY ended 2023-09-30,FY ended 2023-09-30,us-gaap,PaymentsOfDividends,,manual,"(15,025)",-15025000000.0,15025000000.0,-6.0,500000.0,sign,presentation: negated label in _pre.xml
traditional,AAPL_10K_20250927,cash_flow,36,Financing activities: Repurchases of common stock,FY ended 2025-09-27,FY ended 2025-09-27,us-gaap,PaymentsForRepurchaseOfCommonStock,,manual,"(90,711)",-90711000000.0,90711000000.0,-6.0,500000.0,sign,presentation: negated label in _pre.xml
traditional,AAPL_10K_20250927,cash_flow,36,Financing activities: Repurchases of common stock,FY ended 2024-09-28,FY ended 2024-09-28,us-gaap,PaymentsForRepurchaseOfCommonStock,,manual,"(94,949)",-94949000000.0,94949000000.0,-6.0,500000.0,sign,presentation: negated label in _pre.xml
traditional,AAPL_10K_20250927,cash_flow,36,Financing activities: Repurchases of common stock,FY ended 2023-09-30,FY ended 2023-09-30,us-gaap,PaymentsForRepurchaseOfCommonStock,,manual,"(77,550)",-77550000000.0,77550000000.0,-6.0,500000.0,sign,presentation: negated label in _pre.xml
traditional,AAPL_10K_20250927,cash_flow,36,"Financing activities: Proceeds from issuance of term debt, net",FY ended 2025-09-27,FY ended 2025-09-27,us-gaap,ProceedsFromIssuanceOfLongTermDebt,,label,"4,481",4481000000.0,4481000000.0,-6.0,500000.0,match,
traditional,AAPL_10K_20250927,cash_flow,36,"Financing activities: Proceeds from issuance of term debt, net",FY ended 2024-09-28,FY ended 2024-09-28,us-gaap,ProceedsFromIssuanceOfLongTermDebt,,label,—,0.0,0.0,-6.0,500000.0,match,
traditional,AAPL_10K_20250927,cash_flow,36,"Financing activities: Proceeds from issuance of term debt, net",FY ended 2023-09-30,FY ended 2023-09-30,us-gaap,ProceedsFromIssuanceOfLongTermDebt,,label,"5,228",5228000000.0,5228000000.0,-6.0,500000.0,match,
traditional,AAPL_10K_20250927,cash_flow,36,Financing activities: Repayments of term debt,FY ended 2025-09-27,FY ended 2025-09-27,us-gaap,RepaymentsOfLongTermDebt,,label,"(10,932)",-10932000000.0,10932000000.0,-6.0,500000.0,sign,presentation: negated label in _pre.xml
traditional,AAPL_10K_20250927,cash_flow,36,Financing activities: Repayments of term debt,FY ended 2024-09-28,FY ended 2024-09-28,us-gaap,RepaymentsOfLongTermDebt,,label,"(9,958)",-9958000000.0,9958000000.0,-6.0,500000.0,sign,presentation: negated label in _pre.xml
traditional,AAPL_10K_20250927,cash_flow,36,Financing activities: Repayments of term debt,FY ended 2023-09-30,FY ended 2023-09-30,us-gaap,RepaymentsOfLongTermDebt,,label,"(11,151)",-11151000000.0,11151000000.0,-6.0,500000.0,sign,presentation: negated label in _pre.xml
traditional,AAPL_10K_20250927,cash_flow,36,"Financing activities: Proceeds from/(Repayments of) commercial paper, net",FY ended 2025-09-27,FY ended 2025-09-27,us-gaap,ProceedsFromRepaymentsOfCommercialPaper,,label,"(2,032)",-2032000000.0,-2032000000.0,-6.0,500000.0,match,
traditional,AAPL_10K_20250927,cash_flow,36,"Financing activities: Proceeds from/(Repayments of) commercial paper, net",FY ended 2024-09-28,FY ended 2024-09-28,us-gaap,ProceedsFromRepaymentsOfShortTermDebtMaturingInThreeMonthsOrLess,,label,"3,960",3960000000.0,3960000000.0,-6.0,500000.0,match,
traditional,AAPL_10K_20250927,cash_flow,36,"Financing activities: Proceeds from/(Repayments of) commercial paper, net",FY ended 2023-09-30,FY ended 2023-09-30,us-gaap,ProceedsFromRepaymentsOfCommercialPaper,,label,"(3,978)",-3978000000.0,-3978000000.0,-6.0,500000.0,match,
traditional,AAPL_10K_20250927,cash_flow,36,Financing activities: Other,FY ended 2025-09-27,FY ended 2025-09-27,us-gaap,ProceedsFromPaymentsForOtherFinancingActivities,,manual,(111),-111000000.0,-111000000.0,-6.0,500000.0,match,
traditional,AAPL_10K_20250927,cash_flow,36,Financing activities: Other,FY ended 2024-09-28,FY ended 2024-09-28,us-gaap,ProceedsFromPaymentsForOtherFinancingActivities,,manual,(361),-361000000.0,-361000000.0,-6.0,500000.0,match,
traditional,AAPL_10K_20250927,cash_flow,36,Financing activities: Other,FY ended 2023-09-30,FY ended 2023-09-30,us-gaap,ProceedsFromPaymentsForOtherFinancingActivities,,manual,(581),-581000000.0,-581000000.0,-6.0,500000.0,match,
traditional,AAPL_10K_20250927,cash_flow,36,Financing activities: Cash used in financing activities,FY ended 2025-09-27,FY ended 2025-09-27,us-gaap,NetCashProvidedByUsedInFinancingActivities,,manual,"(120,686)",-120686000000.0,-120686000000.0,-6.0,500000.0,match,
traditional,AAPL_10K_20250927,cash_flow,36,Financing activities: Cash used in financing activities,FY ended 2024-09-28,FY ended 2024-09-28,us-gaap,NetCashProvidedByUsedInFinancingActivities,,manual,"(121,983)",-121983000000.0,-121983000000.0,-6.0,500000.0,match,
traditional,AAPL_10K_20250927,cash_flow,36,Financing activities: Cash used in financing activities,FY ended 2023-09-30,FY ended 2023-09-30,us-gaap,NetCashProvidedByUsedInFinancingActivities,,manual,"(108,488)",-108488000000.0,-108488000000.0,-6.0,500000.0,match,
traditional,AAPL_10K_20250927,cash_flow,36,"Financing activities: Increase/(Decrease) in cash, cash equivalents, and restricted cash and cash equivalents",FY ended 2025-09-27,FY ended 2025-09-27,us-gaap,CashCashEquivalentsRestrictedCashAndRestrictedCashEquivalentsPeriodIncreaseDecreaseIncludingExchangeRateEffect,,label,"5,991",5991000000.0,5991000000.0,-6.0,500000.0,match,
traditional,AAPL_10K_20250927,cash_flow,36,"Financing activities: Increase/(Decrease) in cash, cash equivalents, and restricted cash and cash equivalents",FY ended 2024-09-28,FY ended 2024-09-28,us-gaap,CashCashEquivalentsRestrictedCashAndRestrictedCashEquivalentsPeriodIncreaseDecreaseIncludingExchangeRateEffect,,label,(794),-794000000.0,-794000000.0,-6.0,500000.0,match,
traditional,AAPL_10K_20250927,cash_flow,36,"Financing activities: Increase/(Decrease) in cash, cash equivalents, and restricted cash and cash equivalents",FY ended 2023-09-30,FY ended 2023-09-30,us-gaap,CashCashEquivalentsRestrictedCashAndRestrictedCashEquivalentsPeriodIncreaseDecreaseIncludingExchangeRateEffect,,label,"5,760",5760000000.0,5760000000.0,-6.0,500000.0,match,
traditional,AAPL_10K_20250927,cash_flow,36,"Financing activities: Cash, cash equivalents, and restricted cash and cash equivalents, ending balances",FY ended 2025-09-27,2025-09-27,us-gaap,CashCashEquivalentsRestrictedCashAndRestrictedCashEquivalents,,manual,"35,934",35934000000.0,35934000000.0,-6.0,500000.0,match,
traditional,AAPL_10K_20250927,cash_flow,36,"Financing activities: Cash, cash equivalents, and restricted cash and cash equivalents, ending balances",FY ended 2024-09-28,2024-09-28,us-gaap,CashCashEquivalentsRestrictedCashAndRestrictedCashEquivalents,,manual,"29,943",29943000000.0,29943000000.0,-6.0,500000.0,match,
traditional,AAPL_10K_20250927,cash_flow,36,"Financing activities: Cash, cash equivalents, and restricted cash and cash equivalents, ending balances",FY ended 2023-09-30,2023-09-30,us-gaap,CashCashEquivalentsRestrictedCashAndRestrictedCashEquivalents,,manual,"30,737",30737000000.0,30737000000.0,-6.0,500000.0,match,
traditional,AAPL_10K_20250927,cash_flow,36,"Supplemental cash flow disclosure: Cash paid for income taxes, net",FY ended 2025-09-27,FY ended 2025-09-27,us-gaap,IncomeTaxesPaidNet,,manual,"43,369",43369000000.0,43369000000.0,-6.0,500000.0,match,
traditional,AAPL_10K_20250927,cash_flow,36,"Supplemental cash flow disclosure: Cash paid for income taxes, net",FY ended 2024-09-28,FY ended 2024-09-28,us-gaap,IncomeTaxesPaidNet,,manual,"26,102",26102000000.0,26102000000.0,-6.0,500000.0,match,
traditional,AAPL_10K_20250927,cash_flow,36,"Supplemental cash flow disclosure: Cash paid for income taxes, net",FY ended 2023-09-30,FY ended 2023-09-30,us-gaap,IncomeTaxesPaidNet,,manual,"18,679",18679000000.0,18679000000.0,-6.0,500000.0,match,
traditional,AAPL_10Q_20260627,income,4,Net sales: Products,3M ended 2026-06-27,3M ended 2026-06-27,us-gaap,RevenueFromContractWithCustomerExcludingAssessedTax,srt:ProductOrServiceAxis=us-gaap:ProductMember,manual,"78,678",78678000000.0,78678000000.0,-6.0,500000.0,match,
traditional,AAPL_10Q_20260627,income,4,Net sales: Products,3M ended 2025-06-28,3M ended 2025-06-28,us-gaap,RevenueFromContractWithCustomerExcludingAssessedTax,srt:ProductOrServiceAxis=us-gaap:ProductMember,manual,"66,613",66613000000.0,66613000000.0,-6.0,500000.0,match,
traditional,AAPL_10Q_20260627,income,4,Net sales: Products,9M ended 2026-06-27,9M ended 2026-06-27,us-gaap,RevenueFromContractWithCustomerExcludingAssessedTax,srt:ProductOrServiceAxis=us-gaap:ProductMember,manual,"272,629",272629000000.0,272629000000.0,-6.0,500000.0,match,
traditional,AAPL_10Q_20260627,income,4,Net sales: Products,9M ended 2025-06-28,9M ended 2025-06-28,us-gaap,RevenueFromContractWithCustomerExcludingAssessedTax,srt:ProductOrServiceAxis=us-gaap:ProductMember,manual,"233,287",233287000000.0,233287000000.0,-6.0,500000.0,match,
traditional,AAPL_10Q_20260627,income,4,Net sales: Services,3M ended 2026-06-27,3M ended 2026-06-27,us-gaap,RevenueFromContractWithCustomerExcludingAssessedTax,srt:ProductOrServiceAxis=us-gaap:ServiceMember,manual,"30,739",30739000000.0,30739000000.0,-6.0,500000.0,match,
traditional,AAPL_10Q_20260627,income,4,Net sales: Services,3M ended 2025-06-28,3M ended 2025-06-28,us-gaap,RevenueFromContractWithCustomerExcludingAssessedTax,srt:ProductOrServiceAxis=us-gaap:ServiceMember,manual,"27,423",27423000000.0,27423000000.0,-6.0,500000.0,match,
traditional,AAPL_10Q_20260627,income,4,Net sales: Services,9M ended 2026-06-27,9M ended 2026-06-27,us-gaap,RevenueFromContractWithCustomerExcludingAssessedTax,srt:ProductOrServiceAxis=us-gaap:ServiceMember,manual,"91,728",91728000000.0,91728000000.0,-6.0,500000.0,match,
traditional,AAPL_10Q_20260627,income,4,Net sales: Services,9M ended 2025-06-28,9M ended 2025-06-28,us-gaap,RevenueFromContractWithCustomerExcludingAssessedTax,srt:ProductOrServiceAxis=us-gaap:ServiceMember,manual,"80,408",80408000000.0,80408000000.0,-6.0,500000.0,match,
traditional,AAPL_10Q_20260627,income,4,Net sales: Total net sales,3M ended 2026-06-27,3M ended 2026-06-27,us-gaap,RevenueFromContractWithCustomerExcludingAssessedTax,,manual,"109,417",109417000000.0,109417000000.0,-6.0,500000.0,match,
traditional,AAPL_10Q_20260627,income,4,Net sales: Total net sales,3M ended 2025-06-28,3M ended 2025-06-28,us-gaap,RevenueFromContractWithCustomerExcludingAssessedTax,,manual,"94,036",94036000000.0,94036000000.0,-6.0,500000.0,match,
traditional,AAPL_10Q_20260627,income,4,Net sales: Total net sales,9M ended 2026-06-27,9M ended 2026-06-27,us-gaap,RevenueFromContractWithCustomerExcludingAssessedTax,,manual,"364,357",364357000000.0,364357000000.0,-6.0,500000.0,match,
traditional,AAPL_10Q_20260627,income,4,Net sales: Total net sales,9M ended 2025-06-28,9M ended 2025-06-28,us-gaap,RevenueFromContractWithCustomerExcludingAssessedTax,,manual,"313,695",313695000000.0,313695000000.0,-6.0,500000.0,match,
traditional,AAPL_10Q_20260627,income,4,Cost of sales: Products,3M ended 2026-06-27,3M ended 2026-06-27,us-gaap,CostOfGoodsAndServicesSold,srt:ProductOrServiceAxis=us-gaap:ProductMember,manual,"47,153",47153000000.0,47153000000.0,-6.0,500000.0,match,
traditional,AAPL_10Q_20260627,income,4,Cost of sales: Products,3M ended 2025-06-28,3M ended 2025-06-28,us-gaap,CostOfGoodsAndServicesSold,srt:ProductOrServiceAxis=us-gaap:ProductMember,manual,"43,620",43620000000.0,43620000000.0,-6.0,500000.0,match,
traditional,AAPL_10Q_20260627,income,4,Cost of sales: Products,9M ended 2026-06-27,9M ended 2026-06-27,us-gaap,CostOfGoodsAndServicesSold,srt:ProductOrServiceAxis=us-gaap:ProductMember,manual,"163,810",163810000000.0,163810000000.0,-6.0,500000.0,match,
traditional,AAPL_10Q_20260627,income,4,Cost of sales: Products,9M ended 2025-06-28,9M ended 2025-06-28,us-gaap,CostOfGoodsAndServicesSold,srt:ProductOrServiceAxis=us-gaap:ProductMember,manual,"147,097",147097000000.0,147097000000.0,-6.0,500000.0,match,
traditional,AAPL_10Q_20260627,income,4,Cost of sales: Services,3M ended 2026-06-27,3M ended 2026-06-27,us-gaap,CostOfGoodsAndServicesSold,srt:ProductOrServiceAxis=us-gaap:ServiceMember,manual,"7,494",7494000000.0,7494000000.0,-6.0,500000.0,match,
traditional,AAPL_10Q_20260627,income,4,Cost of sales: Services,3M ended 2025-06-28,3M ended 2025-06-28,us-gaap,CostOfGoodsAndServicesSold,srt:ProductOrServiceAxis=us-gaap:ServiceMember,manual,"6,698",6698000000.0,6698000000.0,-6.0,500000.0,match,
traditional,AAPL_10Q_20260627,income,4,Cost of sales: Services,9M ended 2026-06-27,9M ended 2026-06-27,us-gaap,CostOfGoodsAndServicesSold,srt:ProductOrServiceAxis=us-gaap:ServiceMember,manual,"21,765",21765000000.0,21765000000.0,-6.0,500000.0,match,
traditional,AAPL_10Q_20260627,income,4,Cost of sales: Services,9M ended 2025-06-28,9M ended 2025-06-28,us-gaap,CostOfGoodsAndServicesSold,srt:ProductOrServiceAxis=us-gaap:ServiceMember,manual,"19,738",19738000000.0,19738000000.0,-6.0,500000.0,match,
traditional,AAPL_10Q_20260627,income,4,Cost of sales: Total cost of sales,3M ended 2026-06-27,3M ended 2026-06-27,us-gaap,CostOfGoodsAndServicesSold,,manual,"54,647",54647000000.0,54647000000.0,-6.0,500000.0,match,
traditional,AAPL_10Q_20260627,income,4,Cost of sales: Total cost of sales,3M ended 2025-06-28,3M ended 2025-06-28,us-gaap,CostOfGoodsAndServicesSold,,manual,"50,318",50318000000.0,50318000000.0,-6.0,500000.0,match,
traditional,AAPL_10Q_20260627,income,4,Cost of sales: Total cost of sales,9M ended 2026-06-27,9M ended 2026-06-27,us-gaap,CostOfGoodsAndServicesSold,,manual,"185,575",185575000000.0,185575000000.0,-6.0,500000.0,match,
traditional,AAPL_10Q_20260627,income,4,Cost of sales: Total cost of sales,9M ended 2025-06-28,9M ended 2025-06-28,us-gaap,CostOfGoodsAndServicesSold,,manual,"166,835",166835000000.0,166835000000.0,-6.0,500000.0,match,
traditional,AAPL_10Q_20260627,income,4,Gross margin,3M ended 2026-06-27,3M ended 2026-06-27,us-gaap,GrossProfit,,manual,"54,770",54770000000.0,54770000000.0,-6.0,500000.0,match,
traditional,AAPL_10Q_20260627,income,4,Gross margin,3M ended 2025-06-28,3M ended 2025-06-28,us-gaap,GrossProfit,,manual,"43,718",43718000000.0,43718000000.0,-6.0,500000.0,match,
traditional,AAPL_10Q_20260627,income,4,Gross margin,9M ended 2026-06-27,9M ended 2026-06-27,us-gaap,GrossProfit,,manual,"178,782",178782000000.0,178782000000.0,-6.0,500000.0,match,
traditional,AAPL_10Q_20260627,income,4,Gross margin,9M ended 2025-06-28,9M ended 2025-06-28,us-gaap,GrossProfit,,manual,"146,860",146860000000.0,146860000000.0,-6.0,500000.0,match,
traditional,AAPL_10Q_20260627,income,4,Operating expenses: Research and development,3M ended 2026-06-27,3M ended 2026-06-27,us-gaap,ResearchAndDevelopmentExpense,,manual,"11,729",11729000000.0,11729000000.0,-6.0,500000.0,match,
traditional,AAPL_10Q_20260627,income,4,Operating expenses: Research and development,3M ended 2025-06-28,3M ended 2025-06-28,us-gaap,ResearchAndDevelopmentExpense,,manual,"8,866",8866000000.0,8866000000.0,-6.0,500000.0,match,
traditional,AAPL_10Q_20260627,income,4,Operating expenses: Research and development,9M ended 2026-06-27,9M ended 2026-06-27,us-gaap,ResearchAndDevelopmentExpense,,manual,"34,035",34035000000.0,34035000000.0,-6.0,500000.0,match,
traditional,AAPL_10Q_20260627,income,4,Operating expenses: Research and development,9M ended 2025-06-28,9M ended 2025-06-28,us-gaap,ResearchAndDevelopmentExpense,,manual,"25,684",25684000000.0,25684000000.0,-6.0,500000.0,match,
traditional,AAPL_10Q_20260627,income,4,"Operating expenses: Selling, general and administrative",3M ended 2026-06-27,3M ended 2026-06-27,us-gaap,SellingGeneralAndAdministrativeExpense,,manual,"7,346",7346000000.0,7346000000.0,-6.0,500000.0,match,
traditional,AAPL_10Q_20260627,income,4,"Operating expenses: Selling, general and administrative",3M ended 2025-06-28,3M ended 2025-06-28,us-gaap,SellingGeneralAndAdministrativeExpense,,manual,"6,650",6650000000.0,6650000000.0,-6.0,500000.0,match,
traditional,AAPL_10Q_20260627,income,4,"Operating expenses: Selling, general and administrative",9M ended 2026-06-27,9M ended 2026-06-27,us-gaap,SellingGeneralAndAdministrativeExpense,,manual,"22,315",22315000000.0,22315000000.0,-6.0,500000.0,match,
traditional,AAPL_10Q_20260627,income,4,"Operating expenses: Selling, general and administrative",9M ended 2025-06-28,9M ended 2025-06-28,us-gaap,SellingGeneralAndAdministrativeExpense,,manual,"20,553",20553000000.0,20553000000.0,-6.0,500000.0,match,
traditional,AAPL_10Q_20260627,income,4,Operating expenses: Total operating expenses,3M ended 2026-06-27,3M ended 2026-06-27,us-gaap,OperatingExpenses,,manual,"19,075",19075000000.0,19075000000.0,-6.0,500000.0,match,
traditional,AAPL_10Q_20260627,income,4,Operating expenses: Total operating expenses,3M ended 2025-06-28,3M ended 2025-06-28,us-gaap,OperatingExpenses,,manual,"15,516",15516000000.0,15516000000.0,-6.0,500000.0,match,
traditional,AAPL_10Q_20260627,income,4,Operating expenses: Total operating expenses,9M ended 2026-06-27,9M ended 2026-06-27,us-gaap,OperatingExpenses,,manual,"56,350",56350000000.0,56350000000.0,-6.0,500000.0,match,
traditional,AAPL_10Q_20260627,income,4,Operating expenses: Total operating expenses,9M ended 2025-06-28,9M ended 2025-06-28,us-gaap,OperatingExpenses,,manual,"46,237",46237000000.0,46237000000.0,-6.0,500000.0,match,
traditional,AAPL_10Q_20260627,income,4,Operating income,3M ended 2026-06-27,3M ended 2026-06-27,us-gaap,OperatingIncomeLoss,,manual,"35,695",35695000000.0,35695000000.0,-6.0,500000.0,match,
traditional,AAPL_10Q_20260627,income,4,Operating income,3M ended 2025-06-28,3M ended 2025-06-28,us-gaap,OperatingIncomeLoss,,manual,"28,202",28202000000.0,28202000000.0,-6.0,500000.0,match,
traditional,AAPL_10Q_20260627,income,4,Operating income,9M ended 2026-06-27,9M ended 2026-06-27,us-gaap,OperatingIncomeLoss,,manual,"122,432",122432000000.0,122432000000.0,-6.0,500000.0,match,
traditional,AAPL_10Q_20260627,income,4,Operating income,9M ended 2025-06-28,9M ended 2025-06-28,us-gaap,OperatingIncomeLoss,,manual,"100,623",100623000000.0,100623000000.0,-6.0,500000.0,match,
traditional,AAPL_10Q_20260627,income,4,"Other income/(expense), net",3M ended 2026-06-27,3M ended 2026-06-27,us-gaap,NonoperatingIncomeExpense,,manual,572,572000000.0,572000000.0,-6.0,500000.0,match,
traditional,AAPL_10Q_20260627,income,4,"Other income/(expense), net",3M ended 2025-06-28,3M ended 2025-06-28,us-gaap,NonoperatingIncomeExpense,,manual,(171),-171000000.0,-171000000.0,-6.0,500000.0,match,
traditional,AAPL_10Q_20260627,income,4,"Other income/(expense), net",9M ended 2026-06-27,9M ended 2026-06-27,us-gaap,NonoperatingIncomeExpense,,manual,670,670000000.0,670000000.0,-6.0,500000.0,match,
traditional,AAPL_10Q_20260627,income,4,"Other income/(expense), net",9M ended 2025-06-28,9M ended 2025-06-28,us-gaap,NonoperatingIncomeExpense,,manual,(698),-698000000.0,-698000000.0,-6.0,500000.0,match,
traditional,AAPL_10Q_20260627,income,4,Income before provision for income taxes,3M ended 2026-06-27,3M ended 2026-06-27,us-gaap,IncomeLossFromContinuingOperationsBeforeIncomeTaxesExtraordinaryItemsNoncontrollingInterest,,manual,"36,267",36267000000.0,36267000000.0,-6.0,500000.0,match,
traditional,AAPL_10Q_20260627,income,4,Income before provision for income taxes,3M ended 2025-06-28,3M ended 2025-06-28,us-gaap,IncomeLossFromContinuingOperationsBeforeIncomeTaxesExtraordinaryItemsNoncontrollingInterest,,manual,"28,031",28031000000.0,28031000000.0,-6.0,500000.0,match,
traditional,AAPL_10Q_20260627,income,4,Income before provision for income taxes,9M ended 2026-06-27,9M ended 2026-06-27,us-gaap,IncomeLossFromContinuingOperationsBeforeIncomeTaxesExtraordinaryItemsNoncontrollingInterest,,manual,"123,102",123102000000.0,123102000000.0,-6.0,500000.0,match,
traditional,AAPL_10Q_20260627,income,4,Income before provision for income taxes,9M ended 2025-06-28,9M ended 2025-06-28,us-gaap,IncomeLossFromContinuingOperationsBeforeIncomeTaxesExtraordinaryItemsNoncontrollingInterest,,manual,"99,925",99925000000.0,99925000000.0,-6.0,500000.0,match,
traditional,AAPL_10Q_20260627,income,4,Provision for income taxes,3M ended 2026-06-27,3M ended 2026-06-27,us-gaap,IncomeTaxExpenseBenefit,,manual,"6,478",6478000000.0,6478000000.0,-6.0,500000.0,match,
traditional,AAPL_10Q_20260627,income,4,Provision for income taxes,3M ended 2025-06-28,3M ended 2025-06-28,us-gaap,IncomeTaxExpenseBenefit,,manual,"4,597",4597000000.0,4597000000.0,-6.0,500000.0,match,
traditional,AAPL_10Q_20260627,income,4,Provision for income taxes,9M ended 2026-06-27,9M ended 2026-06-27,us-gaap,IncomeTaxExpenseBenefit,,manual,"21,638",21638000000.0,21638000000.0,-6.0,500000.0,match,
traditional,AAPL_10Q_20260627,income,4,Provision for income taxes,9M ended 2025-06-28,9M ended 2025-06-28,us-gaap,IncomeTaxExpenseBenefit,,manual,"15,381",15381000000.0,15381000000.0,-6.0,500000.0,match,
traditional,AAPL_10Q_20260627,income,4,Net income,3M ended 2026-06-27,3M ended 2026-06-27,us-gaap,NetIncomeLoss,,manual,"29,789",29789000000.0,29789000000.0,-6.0,500000.0,match,
traditional,AAPL_10Q_20260627,income,4,Net income,3M ended 2025-06-28,3M ended 2025-06-28,us-gaap,NetIncomeLoss,,manual,"23,434",23434000000.0,23434000000.0,-6.0,500000.0,match,
traditional,AAPL_10Q_20260627,income,4,Net income,9M ended 2026-06-27,9M ended 2026-06-27,us-gaap,NetIncomeLoss,,manual,"101,464",101464000000.0,101464000000.0,-6.0,500000.0,match,
traditional,AAPL_10Q_20260627,income,4,Net income,9M ended 2025-06-28,9M ended 2025-06-28,us-gaap,NetIncomeLoss,,manual,"84,544",84544000000.0,84544000000.0,-6.0,500000.0,match,
traditional,AAPL_10Q_20260627,income,4,Earnings per share: Basic,3M ended 2026-06-27,3M ended 2026-06-27,us-gaap,EarningsPerShareBasic,,manual,2.03,2.03,2.03,2.0,0.005,match,
traditional,AAPL_10Q_20260627,income,4,Earnings per share: Basic,3M ended 2025-06-28,3M ended 2025-06-28,us-gaap,EarningsPerShareBasic,,manual,1.57,1.57,1.57,2.0,0.005,match,
traditional,AAPL_10Q_20260627,income,4,Earnings per share: Basic,9M ended 2026-06-27,9M ended 2026-06-27,us-gaap,EarningsPerShareBasic,,manual,6.91,6.91,6.91,2.0,0.005,match,
traditional,AAPL_10Q_20260627,income,4,Earnings per share: Basic,9M ended 2025-06-28,9M ended 2025-06-28,us-gaap,EarningsPerShareBasic,,manual,5.64,5.64,5.64,2.0,0.005,match,
traditional,AAPL_10Q_20260627,income,4,Earnings per share: Diluted,3M ended 2026-06-27,3M ended 2026-06-27,us-gaap,EarningsPerShareDiluted,,manual,2.02,2.02,2.02,2.0,0.005,match,
traditional,AAPL_10Q_20260627,income,4,Earnings per share: Diluted,3M ended 2025-06-28,3M ended 2025-06-28,us-gaap,EarningsPerShareDiluted,,manual,1.57,1.57,1.57,2.0,0.005,match,
traditional,AAPL_10Q_20260627,income,4,Earnings per share: Diluted,9M ended 2026-06-27,9M ended 2026-06-27,us-gaap,EarningsPerShareDiluted,,manual,6.88,6.88,6.88,2.0,0.005,match,
traditional,AAPL_10Q_20260627,income,4,Earnings per share: Diluted,9M ended 2025-06-28,9M ended 2025-06-28,us-gaap,EarningsPerShareDiluted,,manual,5.62,5.62,5.62,2.0,0.005,match,
traditional,AAPL_10Q_20260627,income,4,Shares used in computing earnings per share: Basic,3M ended 2026-06-27,3M ended 2026-06-27,us-gaap,WeightedAverageNumberOfSharesOutstandingBasic,,manual,"14,656,110",14656110000.0,14656110000.0,-3.0,500.0,match,
traditional,AAPL_10Q_20260627,income,4,Shares used in computing earnings per share: Basic,3M ended 2025-06-28,3M ended 2025-06-28,us-gaap,WeightedAverageNumberOfSharesOutstandingBasic,,manual,"14,902,886",14902886000.0,14902886000.0,-3.0,500.0,match,
traditional,AAPL_10Q_20260627,income,4,Shares used in computing earnings per share: Basic,9M ended 2026-06-27,9M ended 2026-06-27,us-gaap,WeightedAverageNumberOfSharesOutstandingBasic,,manual,"14,692,515",14692515000.0,14692515000.0,-3.0,500.0,match,
traditional,AAPL_10Q_20260627,income,4,Shares used in computing earnings per share: Basic,9M ended 2025-06-28,9M ended 2025-06-28,us-gaap,WeightedAverageNumberOfSharesOutstandingBasic,,manual,"14,992,898",14992898000.0,14992898000.0,-3.0,500.0,match,
traditional,AAPL_10Q_20260627,income,4,Shares used in computing earnings per share: Diluted,3M ended 2026-06-27,3M ended 2026-06-27,us-gaap,WeightedAverageNumberOfDilutedSharesOutstanding,,manual,"14,714,676",14714676000.0,14714676000.0,-3.0,500.0,match,
traditional,AAPL_10Q_20260627,income,4,Shares used in computing earnings per share: Diluted,3M ended 2025-06-28,3M ended 2025-06-28,us-gaap,WeightedAverageNumberOfDilutedSharesOutstanding,,manual,"14,948,179",14948179000.0,14948179000.0,-3.0,500.0,match,
traditional,AAPL_10Q_20260627,income,4,Shares used in computing earnings per share: Diluted,9M ended 2026-06-27,9M ended 2026-06-27,us-gaap,WeightedAverageNumberOfDilutedSharesOutstanding,,manual,"14,750,302",14750302000.0,14750302000.0,-3.0,500.0,match,
traditional,AAPL_10Q_20260627,income,4,Shares used in computing earnings per share: Diluted,9M ended 2025-06-28,9M ended 2025-06-28,us-gaap,WeightedAverageNumberOfDilutedSharesOutstanding,,manual,"15,051,726",15051726000.0,15051726000.0,-3.0,500.0,match,
traditional,AAPL_10Q_20260627,balance,6,Current assets: Cash and cash equivalents,2026-06-27,2026-06-27,us-gaap,CashAndCashEquivalentsAtCarryingValue,,manual,"39,544",39544000000.0,39544000000.0,-6.0,500000.0,match,
traditional,AAPL_10Q_20260627,balance,6,Current assets: Cash and cash equivalents,2025-09-27,2025-09-27,us-gaap,CashAndCashEquivalentsAtCarryingValue,,manual,"35,934",35934000000.0,35934000000.0,-6.0,500000.0,match,
traditional,AAPL_10Q_20260627,balance,6,Current assets: Marketable securities,2026-06-27,2026-06-27,us-gaap,MarketableSecuritiesCurrent,,manual,"22,855",22855000000.0,22855000000.0,-6.0,500000.0,match,
traditional,AAPL_10Q_20260627,balance,6,Current assets: Marketable securities,2025-09-27,2025-09-27,us-gaap,MarketableSecuritiesCurrent,,manual,"18,763",18763000000.0,18763000000.0,-6.0,500000.0,match,
traditional,AAPL_10Q_20260627,balance,6,"Current assets: Accounts receivable, net",2026-06-27,2026-06-27,us-gaap,AccountsReceivableNetCurrent,,manual,"31,398",31398000000.0,31398000000.0,-6.0,500000.0,match,
traditional,AAPL_10Q_20260627,balance,6,"Current assets: Accounts receivable, net",2025-09-27,2025-09-27,us-gaap,AccountsReceivableNetCurrent,,manual,"39,777",39777000000.0,39777000000.0,-6.0,500000.0,match,
traditional,AAPL_10Q_20260627,balance,6,Current assets: Vendor non-trade receivables,2026-06-27,2026-06-27,us-gaap,NontradeReceivablesCurrent,,manual,"27,509",27509000000.0,27509000000.0,-6.0,500000.0,match,
traditional,AAPL_10Q_20260627,balance,6,Current assets: Vendor non-trade receivables,2025-09-27,2025-09-27,us-gaap,NontradeReceivablesCurrent,,manual,"33,180",33180000000.0,33180000000.0,-6.0,500000.0,match,
traditional,AAPL_10Q_20260627,balance,6,Current assets: Inventories,2026-06-27,2026-06-27,us-gaap,InventoryNet,,manual,"11,092",11092000000.0,11092000000.0,-6.0,500000.0,match,
traditional,AAPL_10Q_20260627,balance,6,Current assets: Inventories,2025-09-27,2025-09-27,us-gaap,InventoryNet,,manual,"5,718",5718000000.0,5718000000.0,-6.0,500000.0,match,
traditional,AAPL_10Q_20260627,balance,6,Current assets: Other current assets,2026-06-27,2026-06-27,us-gaap,OtherAssetsCurrent,,manual,"17,420",17420000000.0,17420000000.0,-6.0,500000.0,match,
traditional,AAPL_10Q_20260627,balance,6,Current assets: Other current assets,2025-09-27,2025-09-27,us-gaap,OtherAssetsCurrent,,manual,"14,585",14585000000.0,14585000000.0,-6.0,500000.0,match,
traditional,AAPL_10Q_20260627,balance,6,Current assets: Total current assets,2026-06-27,2026-06-27,us-gaap,AssetsCurrent,,manual,"149,818",149818000000.0,149818000000.0,-6.0,500000.0,match,
traditional,AAPL_10Q_20260627,balance,6,Current assets: Total current assets,2025-09-27,2025-09-27,us-gaap,AssetsCurrent,,manual,"147,957",147957000000.0,147957000000.0,-6.0,500000.0,match,
traditional,AAPL_10Q_20260627,balance,6,Non-current assets: Marketable securities,2026-06-27,2026-06-27,us-gaap,MarketableSecuritiesNoncurrent,,manual,"84,118",84118000000.0,84118000000.0,-6.0,500000.0,match,
traditional,AAPL_10Q_20260627,balance,6,Non-current assets: Marketable securities,2025-09-27,2025-09-27,us-gaap,MarketableSecuritiesNoncurrent,,manual,"77,723",77723000000.0,77723000000.0,-6.0,500000.0,match,
traditional,AAPL_10Q_20260627,balance,6,"Non-current assets: Property, plant and equipment, net",2026-06-27,2026-06-27,us-gaap,PropertyPlantAndEquipmentNet,,manual,"51,431",51431000000.0,51431000000.0,-6.0,500000.0,match,
traditional,AAPL_10Q_20260627,balance,6,"Non-current assets: Property, plant and equipment, net",2025-09-27,2025-09-27,us-gaap,PropertyPlantAndEquipmentNet,,manual,"49,834",49834000000.0,49834000000.0,-6.0,500000.0,match,
traditional,AAPL_10Q_20260627,balance,6,"Non-current assets: Intangible assets, net",2026-06-27,2026-06-27,aapl,IntangibleAssetsNetExcludingGoodwillNoncurrent,,manual,"20,342",20342000000.0,20342000000.0,-6.0,500000.0,match,
traditional,AAPL_10Q_20260627,balance,6,"Non-current assets: Intangible assets, net",2025-09-27,2025-09-27,aapl,IntangibleAssetsNetExcludingGoodwillNoncurrent,,manual,"11,093",11093000000.0,11093000000.0,-6.0,500000.0,match,
traditional,AAPL_10Q_20260627,balance,6,Non-current assets: Other non-current assets,2026-06-27,2026-06-27,us-gaap,OtherAssetsNoncurrent,,manual,"77,557",77557000000.0,77557000000.0,-6.0,500000.0,match,
traditional,AAPL_10Q_20260627,balance,6,Non-current assets: Other non-current assets,2025-09-27,2025-09-27,us-gaap,OtherAssetsNoncurrent,,manual,"72,634",72634000000.0,72634000000.0,-6.0,500000.0,match,
traditional,AAPL_10Q_20260627,balance,6,Non-current assets: Total non-current assets,2026-06-27,2026-06-27,us-gaap,AssetsNoncurrent,,manual,"233,448",233448000000.0,233448000000.0,-6.0,500000.0,match,
traditional,AAPL_10Q_20260627,balance,6,Non-current assets: Total non-current assets,2025-09-27,2025-09-27,us-gaap,AssetsNoncurrent,,manual,"211,284",211284000000.0,211284000000.0,-6.0,500000.0,match,
traditional,AAPL_10Q_20260627,balance,6,Total assets,2026-06-27,2026-06-27,us-gaap,Assets,,manual,"383,266",383266000000.0,383266000000.0,-6.0,500000.0,match,
traditional,AAPL_10Q_20260627,balance,6,Total assets,2025-09-27,2025-09-27,us-gaap,Assets,,manual,"359,241",359241000000.0,359241000000.0,-6.0,500000.0,match,
traditional,AAPL_10Q_20260627,balance,6,Current liabilities: Accounts payable,2026-06-27,2026-06-27,us-gaap,AccountsPayableCurrent,,manual,"64,525",64525000000.0,64525000000.0,-6.0,500000.0,match,
traditional,AAPL_10Q_20260627,balance,6,Current liabilities: Accounts payable,2025-09-27,2025-09-27,us-gaap,AccountsPayableCurrent,,manual,"69,860",69860000000.0,69860000000.0,-6.0,500000.0,match,
traditional,AAPL_10Q_20260627,balance,6,Current liabilities: Other current liabilities,2026-06-27,2026-06-27,us-gaap,OtherLiabilitiesCurrent,,manual,"62,259",62259000000.0,62259000000.0,-6.0,500000.0,match,
traditional,AAPL_10Q_20260627,balance,6,Current liabilities: Other current liabilities,2025-09-27,2025-09-27,us-gaap,OtherLiabilitiesCurrent,,manual,"66,387",66387000000.0,66387000000.0,-6.0,500000.0,match,
traditional,AAPL_10Q_20260627,balance,6,Current liabilities: Deferred revenue,2026-06-27,2026-06-27,us-gaap,ContractWithCustomerLiabilityCurrent,,manual,"9,538",9538000000.0,9538000000.0,-6.0,500000.0,match,
traditional,AAPL_10Q_20260627,balance,6,Current liabilities: Deferred revenue,2025-09-27,2025-09-27,us-gaap,ContractWithCustomerLiabilityCurrent,,manual,"9,055",9055000000.0,9055000000.0,-6.0,500000.0,match,
traditional,AAPL_10Q_20260627,balance,6,Current liabilities: Commercial paper,2026-06-27,2026-06-27,us-gaap,CommercialPaper,,manual,"1,997",1997000000.0,1997000000.0,-6.0,500000.0,match,
traditional,AAPL_10Q_20260627,balance,6,Current liabilities: Commercial paper,2025-09-27,2025-09-27,us-gaap,CommercialPaper,,manual,"7,979",7979000000.0,7979000000.0,-6.0,500000.0,match,
traditional,AAPL_10Q_20260627,balance,6,Current liabilities: Term debt,2026-06-27,2026-06-27,us-gaap,LongTermDebtCurrent,,manual,"11,007",11007000000.0,11007000000.0,-6.0,500000.0,match,
traditional,AAPL_10Q_20260627,balance,6,Current liabilities: Term debt,2025-09-27,2025-09-27,us-gaap,LongTermDebtCurrent,,manual,"12,350",12350000000.0,12350000000.0,-6.0,500000.0,match,
traditional,AAPL_10Q_20260627,balance,6,Current liabilities: Total current liabilities,2026-06-27,2026-06-27,us-gaap,LiabilitiesCurrent,,manual,"149,326",149326000000.0,149326000000.0,-6.0,500000.0,match,
traditional,AAPL_10Q_20260627,balance,6,Current liabilities: Total current liabilities,2025-09-27,2025-09-27,us-gaap,LiabilitiesCurrent,,manual,"165,631",165631000000.0,165631000000.0,-6.0,500000.0,match,
traditional,AAPL_10Q_20260627,balance,6,Non-current liabilities: Term debt,2026-06-27,2026-06-27,us-gaap,LongTermDebtNoncurrent,,manual,"71,340",71340000000.0,71340000000.0,-6.0,500000.0,match,
traditional,AAPL_10Q_20260627,balance,6,Non-current liabilities: Term debt,2025-09-27,2025-09-27,us-gaap,LongTermDebtNoncurrent,,manual,"78,328",78328000000.0,78328000000.0,-6.0,500000.0,match,
traditional,AAPL_10Q_20260627,balance,6,Non-current liabilities: Other non-current liabilities,2026-06-27,2026-06-27,us-gaap,OtherLiabilitiesNoncurrent,,manual,"55,080",55080000000.0,55080000000.0,-6.0,500000.0,match,
traditional,AAPL_10Q_20260627,balance,6,Non-current liabilities: Other non-current liabilities,2025-09-27,2025-09-27,us-gaap,OtherLiabilitiesNoncurrent,,manual,"41,549",41549000000.0,41549000000.0,-6.0,500000.0,match,
traditional,AAPL_10Q_20260627,balance,6,Non-current liabilities: Total non-current liabilities,2026-06-27,2026-06-27,us-gaap,LiabilitiesNoncurrent,,manual,"126,420",126420000000.0,126420000000.0,-6.0,500000.0,match,
traditional,AAPL_10Q_20260627,balance,6,Non-current liabilities: Total non-current liabilities,2025-09-27,2025-09-27,us-gaap,LiabilitiesNoncurrent,,manual,"119,877",119877000000.0,119877000000.0,-6.0,500000.0,match,
traditional,AAPL_10Q_20260627,balance,6,Total liabilities,2026-06-27,2026-06-27,us-gaap,Liabilities,,manual,"275,746",275746000000.0,275746000000.0,-6.0,500000.0,match,
traditional,AAPL_10Q_20260627,balance,6,Total liabilities,2025-09-27,2025-09-27,us-gaap,Liabilities,,manual,"285,508",285508000000.0,285508000000.0,-6.0,500000.0,match,
traditional,AAPL_10Q_20260627,balance,6,"Shareholders’ equity: Common stock and additional paid-in capital, $0.00001 par value: 50,400,000 shares authorized; 14,608,963 and 14,773,260 shares issued and outstanding, respectively",2026-06-27,2026-06-27,us-gaap,CommonStocksIncludingAdditionalPaidInCapital,,manual,"100,702",100702000000.0,100702000000.0,-6.0,500000.0,match,
traditional,AAPL_10Q_20260627,balance,6,"Shareholders’ equity: Common stock and additional paid-in capital, $0.00001 par value: 50,400,000 shares authorized; 14,608,963 and 14,773,260 shares issued and outstanding, respectively",2025-09-27,2025-09-27,us-gaap,CommonStocksIncludingAdditionalPaidInCapital,,manual,"93,568",93568000000.0,93568000000.0,-6.0,500000.0,match,
traditional,AAPL_10Q_20260627,balance,6,Shareholders’ equity: Retained earnings/(Accumulated deficit),2026-06-27,2026-06-27,us-gaap,RetainedEarningsAccumulatedDeficit,,manual,"11,326",11326000000.0,11326000000.0,-6.0,500000.0,match,
traditional,AAPL_10Q_20260627,balance,6,Shareholders’ equity: Retained earnings/(Accumulated deficit),2025-09-27,2025-09-27,us-gaap,RetainedEarningsAccumulatedDeficit,,manual,"(14,264)",-14264000000.0,-14264000000.0,-6.0,500000.0,match,
traditional,AAPL_10Q_20260627,balance,6,Shareholders’ equity: Accumulated other comprehensive loss,2026-06-27,2026-06-27,us-gaap,AccumulatedOtherComprehensiveIncomeLossNetOfTax,,manual,"(4,508)",-4508000000.0,-4508000000.0,-6.0,500000.0,match,
traditional,AAPL_10Q_20260627,balance,6,Shareholders’ equity: Accumulated other comprehensive loss,2025-09-27,2025-09-27,us-gaap,AccumulatedOtherComprehensiveIncomeLossNetOfTax,,manual,"(5,571)",-5571000000.0,-5571000000.0,-6.0,500000.0,match,
traditional,AAPL_10Q_20260627,balance,6,Shareholders’ equity: Total shareholders’ equity,2026-06-27,2026-06-27,us-gaap,StockholdersEquity,,manual,"107,520",107520000000.0,107520000000.0,-6.0,500000.0,match,
traditional,AAPL_10Q_20260627,balance,6,Shareholders’ equity: Total shareholders’ equity,2025-09-27,2025-09-27,us-gaap,StockholdersEquity,,manual,"73,733",73733000000.0,73733000000.0,-6.0,500000.0,match,
traditional,AAPL_10Q_20260627,balance,6,Total liabilities and shareholders’ equity,2026-06-27,2026-06-27,us-gaap,LiabilitiesAndStockholdersEquity,,manual,"383,266",383266000000.0,383266000000.0,-6.0,500000.0,match,
traditional,AAPL_10Q_20260627,balance,6,Total liabilities and shareholders’ equity,2025-09-27,2025-09-27,us-gaap,LiabilitiesAndStockholdersEquity,,manual,"359,241",359241000000.0,359241000000.0,-6.0,500000.0,match,
traditional,AAPL_10Q_20260627,cash_flow,9,"Cash, cash equivalents, and restricted cash and cash equivalents, beginning balances",9M ended 2026-06-27,2025-09-27,us-gaap,CashCashEquivalentsRestrictedCashAndRestrictedCashEquivalents,,manual,"35,934",35934000000.0,35934000000.0,-6.0,500000.0,match,
traditional,AAPL_10Q_20260627,cash_flow,9,"Cash, cash equivalents, and restricted cash and cash equivalents, beginning balances",9M ended 2025-06-28,2024-09-28,us-gaap,CashCashEquivalentsRestrictedCashAndRestrictedCashEquivalents,,manual,"29,943",29943000000.0,29943000000.0,-6.0,500000.0,match,
traditional,AAPL_10Q_20260627,cash_flow,9,Operating activities: Net income,9M ended 2026-06-27,9M ended 2026-06-27,us-gaap,NetIncomeLoss,,manual,"101,464",101464000000.0,101464000000.0,-6.0,500000.0,match,
traditional,AAPL_10Q_20260627,cash_flow,9,Operating activities: Net income,9M ended 2025-06-28,9M ended 2025-06-28,us-gaap,NetIncomeLoss,,manual,"84,544",84544000000.0,84544000000.0,-6.0,500000.0,match,
traditional,AAPL_10Q_20260627,cash_flow,9,Adjustments to reconcile net income to cash generated by operating activities: Depreciation and amortization,9M ended 2026-06-27,9M ended 2026-06-27,us-gaap,DepreciationDepletionAndAmortization,,manual,"9,973",9973000000.0,9973000000.0,-6.0,500000.0,match,
traditional,AAPL_10Q_20260627,cash_flow,9,Adjustments to reconcile net income to cash generated by operating activities: Depreciation and amortization,9M ended 2025-06-28,9M ended 2025-06-28,us-gaap,DepreciationDepletionAndAmortization,,manual,"8,571",8571000000.0,8571000000.0,-6.0,500000.0,match,
traditional,AAPL_10Q_20260627,cash_flow,9,Adjustments to reconcile net income to cash generated by operating activities: Share-based compensation expense,9M ended 2026-06-27,9M ended 2026-06-27,us-gaap,ShareBasedCompensation,,manual,"10,523",10523000000.0,10523000000.0,-6.0,500000.0,match,
traditional,AAPL_10Q_20260627,cash_flow,9,Adjustments to reconcile net income to cash generated by operating activities: Share-based compensation expense,9M ended 2025-06-28,9M ended 2025-06-28,us-gaap,ShareBasedCompensation,,manual,"9,680",9680000000.0,9680000000.0,-6.0,500000.0,match,
traditional,AAPL_10Q_20260627,cash_flow,9,Adjustments to reconcile net income to cash generated by operating activities: Other,9M ended 2026-06-27,9M ended 2026-06-27,us-gaap,OtherNoncashIncomeExpense,,manual,"(2,037)",-2037000000.0,2037000000.0,-6.0,500000.0,sign,presentation: negated label in _pre.xml
traditional,AAPL_10Q_20260627,cash_flow,9,Adjustments to reconcile net income to cash generated by operating activities: Other,9M ended 2025-06-28,9M ended 2025-06-28,us-gaap,OtherNoncashIncomeExpense,,manual,"(1,748)",-1748000000.0,1748000000.0,-6.0,500000.0,sign,presentation: negated label in _pre.xml
traditional,AAPL_10Q_20260627,cash_flow,9,"Changes in operating assets and liabilities: Accounts receivable, net",9M ended 2026-06-27,9M ended 2026-06-27,us-gaap,IncreaseDecreaseInAccountsReceivable,,label,"8,316",8316000000.0,-8316000000.0,-6.0,500000.0,sign,presentation: negated label in _pre.xml
traditional,AAPL_10Q_20260627,cash_flow,9,"Changes in operating assets and liabilities: Accounts receivable, net",9M ended 2025-06-28,9M ended 2025-06-28,us-gaap,IncreaseDecreaseInAccountsReceivable,,label,"5,685",5685000000.0,-5685000000.0,-6.0,500000.0,sign,presentation: negated label in _pre.xml
traditional,AAPL_10Q_20260627,cash_flow,9,Changes in operating assets and liabilities: Vendor non-trade receivables,9M ended 2026-06-27,9M ended 2026-06-27,us-gaap,IncreaseDecreaseInOtherReceivables,,label,"5,671",5671000000.0,-5671000000.0,-6.0,500000.0,sign,presentation: negated label in _pre.xml
traditional,AAPL_10Q_20260627,cash_flow,9,Changes in operating assets and liabilities: Vendor non-trade receivables,9M ended 2025-06-28,9M ended 2025-06-28,us-gaap,IncreaseDecreaseInOtherReceivables,,label,"13,555",13555000000.0,-13555000000.0,-6.0,500000.0,sign,presentation: negated label in _pre.xml
traditional,AAPL_10Q_20260627,cash_flow,9,Changes in operating assets and liabilities: Inventories,9M ended 2026-06-27,9M ended 2026-06-27,us-gaap,IncreaseDecreaseInInventories,,label,"(5,461)",-5461000000.0,5461000000.0,-6.0,500000.0,sign,presentation: negated label in _pre.xml
traditional,AAPL_10Q_20260627,cash_flow,9,Changes in operating assets and liabilities: Inventories,9M ended 2025-06-28,9M ended 2025-06-28,us-gaap,IncreaseDecreaseInInventories,,label,"1,223",1223000000.0,-1223000000.0,-6.0,500000.0,sign,presentation: negated label in _pre.xml
traditional,AAPL_10Q_20260627,cash_flow,9,Changes in operating assets and liabilities: Other current and non-current assets,9M ended 2026-06-27,9M ended 2026-06-27,us-gaap,IncreaseDecreaseInOtherOperatingAssets,,label,"(16,266)",-16266000000.0,16266000000.0,-6.0,500000.0,sign,presentation: negated label in _pre.xml
traditional,AAPL_10Q_20260627,cash_flow,9,Changes in operating assets and liabilities: Other current and non-current assets,9M ended 2025-06-28,9M ended 2025-06-28,us-gaap,IncreaseDecreaseInOtherOperatingAssets,,label,"(6,116)",-6116000000.0,6116000000.0,-6.0,500000.0,sign,presentation: negated label in _pre.xml
traditional,AAPL_10Q_20260627,cash_flow,9,Changes in operating assets and liabilities: Accounts payable,9M ended 2026-06-27,9M ended 2026-06-27,us-gaap,IncreaseDecreaseInAccountsPayable,,label,"(5,203)",-5203000000.0,-5203000000.0,-6.0,500000.0,match,
traditional,AAPL_10Q_20260627,cash_flow,9,Changes in operating assets and liabilities: Accounts payable,9M ended 2025-06-28,9M ended 2025-06-28,us-gaap,IncreaseDecreaseInAccountsPayable,,label,"(18,479)",-18479000000.0,-18479000000.0,-6.0,500000.0,match,
traditional,AAPL_10Q_20260627,cash_flow,9,Changes in operating assets and liabilities: Other current and non-current liabilities,9M ended 2026-06-27,9M ended 2026-06-27,us-gaap,IncreaseDecreaseInOtherOperatingLiabilities,,label,"10,016",10016000000.0,10016000000.0,-6.0,500000.0,match,
traditional,AAPL_10Q_20260627,cash_flow,9,Changes in operating assets and liabilities: Other current and non-current liabilities,9M ended 2025-06-28,9M ended 2025-06-28,us-gaap,IncreaseDecreaseInOtherOperatingLiabilities,,label,"(15,161)",-15161000000.0,-15161000000.0,-6.0,500000.0,match,
traditional,AAPL_10Q_20260627,cash_flow,9,Changes in operating assets and liabilities: Cash generated by operating activities,9M ended 2026-06-27,9M ended 2026-06-27,us-gaap,NetCashProvidedByUsedInOperatingActivities,,manual,"116,996",116996000000.0,116996000000.0,-6.0,500000.0,match,
traditional,AAPL_10Q_20260627,cash_flow,9,Changes in operating assets and liabilities: Cash generated by operating activities,9M ended 2025-06-28,9M ended 2025-06-28,us-gaap,NetCashProvidedByUsedInOperatingActivities,,manual,"81,754",81754000000.0,81754000000.0,-6.0,500000.0,match,
traditional,AAPL_10Q_20260627,cash_flow,9,Investing activities: Purchases of marketable securities,9M ended 2026-06-27,9M ended 2026-06-27,us-gaap,PaymentsToAcquireAvailableForSaleSecuritiesDebt,,label,"(48,752)",-48752000000.0,48752000000.0,-6.0,500000.0,sign,presentation: negated label in _pre.xml
traditional,AAPL_10Q_20260627,cash_flow,9,Investing activities: Purchases of marketable securities,9M ended 2025-06-28,9M ended 2025-06-28,us-gaap,PaymentsToAcquireAvailableForSaleSecuritiesDebt,,label,"(17,591)",-17591000000.0,17591000000.0,-6.0,500000.0,sign,presentation: negated label in _pre.xml
traditional,AAPL_10Q_20260627,cash_flow,9,Investing activities: Proceeds from maturities of marketable securities,9M ended 2026-06-27,9M ended 2026-06-27,us-gaap,ProceedsFromMaturitiesPrepaymentsAndCallsOfAvailableForSaleSecurities,,label,"26,504",26504000000.0,26504000000.0,-6.0,500000.0,match,
traditional,AAPL_10Q_20260627,cash_flow,9,Investing activities: Proceeds from maturities of marketable securities,9M ended 2025-06-28,9M ended 2025-06-28,us-gaap,ProceedsFromMaturitiesPrepaymentsAndCallsOfAvailableForSaleSecurities,,label,"35,036",35036000000.0,35036000000.0,-6.0,500000.0,match,
traditional,AAPL_10Q_20260627,cash_flow,9,Investing activities: Proceeds from sales of marketable securities,9M ended 2026-06-27,9M ended 2026-06-27,us-gaap,ProceedsFromSaleOfAvailableForSaleSecuritiesDebt,,label,"12,016",12016000000.0,12016000000.0,-6.0,500000.0,match,
traditional,AAPL_10Q_20260627,cash_flow,9,Investing activities: Proceeds from sales of marketable securities,9M ended 2025-06-28,9M ended 2025-06-28,us-gaap,ProceedsFromSaleOfAvailableForSaleSecuritiesDebt,,label,"10,785",10785000000.0,10785000000.0,-6.0,500000.0,match,
traditional,AAPL_10Q_20260627,cash_flow,9,"Investing activities: Payments for acquisition of property, plant and equipment",9M ended 2026-06-27,9M ended 2026-06-27,us-gaap,PaymentsToAcquirePropertyPlantAndEquipment,,manual,"(6,799)",-6799000000.0,6799000000.0,-6.0,500000.0,sign,presentation: negated label in _pre.xml
traditional,AAPL_10Q_20260627,cash_flow,9,"Investing activities: Payments for acquisition of property, plant and equipment",9M ended 2025-06-28,9M ended 2025-06-28,us-gaap,PaymentsToAcquirePropertyPlantAndEquipment,,manual,"(9,473)",-9473000000.0,9473000000.0,-6.0,500000.0,sign,presentation: negated label in _pre.xml
traditional,AAPL_10Q_20260627,cash_flow,9,Investing activities: Other,9M ended 2026-06-27,9M ended 2026-06-27,us-gaap,PaymentsForProceedsFromOtherInvestingActivities,,manual,"(1,780)",-1780000000.0,1780000000.0,-6.0,500000.0,sign,presentation: negated label in _pre.xml
traditional,AAPL_10Q_20260627,cash_flow,9,Investing activities: Other,9M ended 2025-06-28,9M ended 2025-06-28,us-gaap,PaymentsForProceedsFromOtherInvestingActivities,,manual,(975),-975000000.0,975000000.0,-6.0,500000.0,sign,presentation: negated label in _pre.xml
traditional,AAPL_10Q_20260627,cash_flow,9,Investing activities: Cash generated by/(used in) investing activities,9M ended 2026-06-27,9M ended 2026-06-27,us-gaap,NetCashProvidedByUsedInInvestingActivities,,manual,"(18,811)",-18811000000.0,-18811000000.0,-6.0,500000.0,match,
traditional,AAPL_10Q_20260627,cash_flow,9,Investing activities: Cash generated by/(used in) investing activities,9M ended 2025-06-28,9M ended 2025-06-28,us-gaap,NetCashProvidedByUsedInInvestingActivities,,manual,"17,782",17782000000.0,17782000000.0,-6.0,500000.0,match,
traditional,AAPL_10Q_20260627,cash_flow,9,Financing activities: Payments for taxes related to net share settlement of equity awards,9M ended 2026-06-27,9M ended 2026-06-27,us-gaap,PaymentsRelatedToTaxWithholdingForShareBasedCompensation,,label,"(6,462)",-6462000000.0,6462000000.0,-6.0,500000.0,sign,presentation: negated label in _pre.xml
traditional,AAPL_10Q_20260627,cash_flow,9,Financing activities: Payments for taxes related to net share settlement of equity awards,9M ended 2025-06-28,9M ended 2025-06-28,us-gaap,PaymentsRelatedToTaxWithholdingForShareBasedCompensation,,label,"(5,719)",-5719000000.0,5719000000.0,-6.0,500000.0,sign,presentation: negated label in _pre.xml
traditional,AAPL_10Q_20260627,cash_flow,9,Financing activities: Payments for dividends and dividend equivalents,9M ended 2026-06-27,9M ended 2026-06-27,us-gaap,PaymentsOfDividends,,manual,"(11,778)",-11778000000.0,11778000000.0,-6.0,500000.0,sign,presentation: negated label in _pre.xml
traditional,AAPL_10Q_20260627,cash_flow,9,Financing activities: Payments for dividends and dividend equivalents,9M ended 2025-06-28,9M ended 2025-06-28,us-gaap,PaymentsOfDividends,,manual,"(11,559)",-11559000000.0,11559000000.0,-6.0,500000.0,sign,presentation: negated label in _pre.xml
traditional,AAPL_10Q_20260627,cash_flow,9,Financing activities: Repurchases of common stock,9M ended 2026-06-27,9M ended 2026-06-27,us-gaap,PaymentsForRepurchaseOfCommonStock,,manual,"(62,094)",-62094000000.0,62094000000.0,-6.0,500000.0,sign,presentation: negated label in _pre.xml
traditional,AAPL_10Q_20260627,cash_flow,9,Financing activities: Repurchases of common stock,9M ended 2025-06-28,9M ended 2025-06-28,us-gaap,PaymentsForRepurchaseOfCommonStock,,manual,"(70,579)",-70579000000.0,70579000000.0,-6.0,500000.0,sign,presentation: negated label in _pre.xml
traditional,AAPL_10Q_20260627,cash_flow,9,"Financing activities: Proceeds from issuance of term debt, net",9M ended 2026-06-27,9M ended 2026-06-27,us-gaap,ProceedsFromIssuanceOfLongTermDebt,,label,—,0.0,0.0,-6.0,500000.0,match,
traditional,AAPL_10Q_20260627,cash_flow,9,"Financing activities: Proceeds from issuance of term debt, net",9M ended 2025-06-28,9M ended 2025-06-28,us-gaap,ProceedsFromIssuanceOfLongTermDebt,,label,"4,481",4481000000.0,4481000000.0,-6.0,500000.0,match,
traditional,AAPL_10Q_20260627,cash_flow,9,Financing activities: Repayments of term debt,9M ended 2026-06-27,9M ended 2026-06-27,us-gaap,RepaymentsOfLongTermDebt,,label,"(8,146)",-8146000000.0,8146000000.0,-6.0,500000.0,sign,presentation: negated label in _pre.xml
traditional,AAPL_10Q_20260627,cash_flow,9,Financing activities: Repayments of term debt,9M ended 2025-06-28,9M ended 2025-06-28,us-gaap,RepaymentsOfLongTermDebt,,label,"(9,682)",-9682000000.0,9682000000.0,-6.0,500000.0,sign,presentation: negated label in _pre.xml
traditional,AAPL_10Q_20260627,cash_flow,9,"Financing activities: Repayments of commercial paper, net",9M ended 2026-06-27,9M ended 2026-06-27,us-gaap,ProceedsFromRepaymentsOfCommercialPaper,,label,"(5,911)",-5911000000.0,-5911000000.0,-6.0,500000.0,match,
traditional,AAPL_10Q_20260627,cash_flow,9,"Financing activities: Repayments of commercial paper, net",9M ended 2025-06-28,9M ended 2025-06-28,us-gaap,ProceedsFromRepaymentsOfCommercialPaper,,label,(65),-65000000.0,-65000000.0,-6.0,500000.0,match,
traditional,AAPL_10Q_20260627,cash_flow,9,Financing activities: Other,9M ended 2026-06-27,9M ended 2026-06-27,us-gaap,ProceedsFromPaymentsForOtherFinancingActivities,,manual,(184),-184000000.0,-184000000.0,-6.0,500000.0,match,
traditional,AAPL_10Q_20260627,cash_flow,9,Financing activities: Other,9M ended 2025-06-28,9M ended 2025-06-28,us-gaap,ProceedsFromPaymentsForOtherFinancingActivities,,manual,(87),-87000000.0,-87000000.0,-6.0,500000.0,match,
traditional,AAPL_10Q_20260627,cash_flow,9,Financing activities: Cash used in financing activities,9M ended 2026-06-27,9M ended 2026-06-27,us-gaap,NetCashProvidedByUsedInFinancingActivities,,manual,"(94,575)",-94575000000.0,-94575000000.0,-6.0,500000.0,match,
traditional,AAPL_10Q_20260627,cash_flow,9,Financing activities: Cash used in financing activities,9M ended 2025-06-28,9M ended 2025-06-28,us-gaap,NetCashProvidedByUsedInFinancingActivities,,manual,"(93,210)",-93210000000.0,-93210000000.0,-6.0,500000.0,match,
traditional,AAPL_10Q_20260627,cash_flow,9,"Financing activities: Increase in cash, cash equivalents, and restricted cash and cash equivalents",9M ended 2026-06-27,9M ended 2026-06-27,us-gaap,CashCashEquivalentsRestrictedCashAndRestrictedCashEquivalentsPeriodIncreaseDecreaseIncludingExchangeRateEffect,,label,"3,610",3610000000.0,3610000000.0,-6.0,500000.0,match,
traditional,AAPL_10Q_20260627,cash_flow,9,"Financing activities: Increase in cash, cash equivalents, and restricted cash and cash equivalents",9M ended 2025-06-28,9M ended 2025-06-28,us-gaap,CashCashEquivalentsRestrictedCashAndRestrictedCashEquivalentsPeriodIncreaseDecreaseIncludingExchangeRateEffect,,label,"6,326",6326000000.0,6326000000.0,-6.0,500000.0,match,
traditional,AAPL_10Q_20260627,cash_flow,9,"Financing activities: Cash, cash equivalents, and restricted cash and cash equivalents, ending balances",9M ended 2026-06-27,2026-06-27,us-gaap,CashCashEquivalentsRestrictedCashAndRestrictedCashEquivalents,,manual,"39,544",39544000000.0,39544000000.0,-6.0,500000.0,match,
traditional,AAPL_10Q_20260627,cash_flow,9,"Financing activities: Cash, cash equivalents, and restricted cash and cash equivalents, ending balances",9M ended 2025-06-28,2025-06-28,us-gaap,CashCashEquivalentsRestrictedCashAndRestrictedCashEquivalents,,manual,"36,269",36269000000.0,36269000000.0,-6.0,500000.0,match,
traditional,AAPL_10Q_20260627,cash_flow,9,"Supplemental cash flow disclosure: Cash paid for income taxes, net",9M ended 2026-06-27,9M ended 2026-06-27,us-gaap,IncomeTaxesPaidNet,,manual,"26,555",26555000000.0,26555000000.0,-6.0,500000.0,match,
traditional,AAPL_10Q_20260627,cash_flow,9,"Supplemental cash flow disclosure: Cash paid for income taxes, net",9M ended 2025-06-28,9M ended 2025-06-28,us-gaap,IncomeTaxesPaidNet,,manual,"37,332",37332000000.0,37332000000.0,-6.0,500000.0,match,
