stem,page,label,occurrence,period,period_index,value
AAPL_10K_20250927,32,Products,1,FY2025,0,"307,003"
AAPL_10K_20250927,32,Total net sales,1,FY2025,0,"416,161"
AAPL_10K_20250927,32,Total net sales,1,FY2024,1,"391,035"
AAPL_10K_20250927,32,Total net sales,1,FY2023,2,"383,285"
AAPL_10K_20250927,32,Total cost of sales,1,FY2025,0,"220,960"
AAPL_10K_20250927,32,Gross margin,1,FY2025,0,"195,201"
AAPL_10K_20250927,32,Operating income,1,FY2025,0,"133,050"
AAPL_10K_20250927,32,Provision for income taxes,1,FY2025,0,"20,719"
AAPL_10K_20250927,32,Net income,1,FY2025,0,"112,010"
AAPL_10K_20250927,32,Diluted,1,FY2025,0,7.46
AAPL_10K_20250927,34,Cash and cash equivalents,1,Sep 2025,0,"35,934"
AAPL_10K_20250927,34,Total current assets,1,Sep 2025,0,"147,957"
AAPL_10K_20250927,34,Total assets,1,Sep 2025,0,"359,241"
AAPL_10K_20250927,34,Total assets,1,Sep 2024,1,"364,980"
AAPL_10K_20250927,34,Total current liabilities,1,Sep 2025,0,"165,631"
AAPL_10K_20250927,34,Total liabilities,1,Sep 2025,0,"285,508"
AAPL_10K_20250927,34,Accumulated other comprehensive loss,1,Sep 2025,0,"(5,571)"
AAPL_10K_20250927,34,Total shareholders' equity,1,Sep 2025,0,"73,733"
AAPL_10K_20250927,34,Total shareholders' equity,1,Sep 2024,1,"56,950"
AAPL_10K_20250927,34,Total liabilities and shareholders' equity,1,Sep 2025,0,"359,241"
AAPL_10Q_20260627,4,Products,1,3M Jun 2026,0,"78,678"
AAPL_10Q_20260627,4,Total net sales,1,3M Jun 2026,0,"109,417"
AAPL_10Q_20260627,4,Total net sales,1,3M Jun 2025,1,"94,036"
AAPL_10Q_20260627,4,Total net sales,1,9M Jun 2026,2,"364,357"
AAPL_10Q_20260627,4,Total net sales,1,9M Jun 2025,3,"313,695"
AAPL_10Q_20260627,4,Gross margin,1,3M Jun 2026,0,"54,770"
AAPL_10Q_20260627,4,"Other income/(expense), net",1,3M Jun 2025,1,(171)
AAPL_10Q_20260627,4,Operating income,1,9M Jun 2026,2,"122,432"
AAPL_10Q_20260627,4,Net income,1,3M Jun 2026,0,"29,789"
AAPL_10Q_20260627,4,Diluted,1,3M Jun 2026,0,2.02
AAPL_10Q_20260627,6,Cash and cash equivalents,1,Jun 2026,0,"39,544"
AAPL_10Q_20260627,6,"Intangible assets, net",1,Jun 2026,0,"20,342"
AAPL_10Q_20260627,6,Total current assets,1,Jun 2026,0,"149,818"
AAPL_10Q_20260627,6,Total assets,1,Jun 2026,0,"383,266"
AAPL_10Q_20260627,6,Total assets,1,Sep 2025,1,"359,241"
AAPL_10Q_20260627,6,Total current liabilities,1,Jun 2026,0,"149,326"
AAPL_10Q_20260627,6,Total liabilities,1,Jun 2026,0,"275,746"
AAPL_10Q_20260627,6,Retained earnings/(Accumulated deficit),1,Jun 2026,0,"11,326"
AAPL_10Q_20260627,6,Retained earnings/(Accumulated deficit),1,Sep 2025,1,"(14,264)"
AAPL_10Q_20260627,6,Total liabilities and shareholders' equity,1,Jun 2026,0,"383,266"
